{"type": "FeatureCollection", "features": [{"type": "Feature", "geometry": {"type": "Point", "coordinates": [37.52623, 47.08926]}, "properties": {"ua": null, "ua_doc": null, "ru": "бульвар Богдана Хмельницкого, 2", "soviet": null, "latin": "bul. Bohdana Khmel'nyts'koho, 2", "renamed": null, "premises": "commercial", "count": 1, "types": "торговая деятельность", "cadastral": null, "area_ha": null, "district": "Жовтневый"}}, {"type": "Feature", "geometry": {"type": "Point", "coordinates": [37.52596, 47.09407]}, "properties": {"ua": null, "ua_doc": null, "ru": "бульвар Богдана Хмельницкого, 20", "soviet": null, "latin": "bul. Bohdana Khmel'nyts'koho, 20", "renamed": null, "premises": "commercial", "count": 1, "types": "магазин", "cadastral": null, "area_ha": null, "district": "Жовтневый"}}, {"type": "Feature", "geometry": {"type": "Point", "coordinates": [37.52926, 47.09496]}, "properties": {"ua": null, "ua_doc": null, "ru": "бульвар Богдана Хмельницкого, 25", "soviet": null, "latin": "bul. Bohdana Khmel'nyts'koho, 25", "renamed": null, "premises": "commercial", "count": 1, "types": "салон красоты", "cadastral": null, "area_ha": null, "district": "Жовтневый"}}, {"type": "Feature", "geometry": {"type": "Point", "coordinates": [37.52908, 47.0972]}, "properties": {"ua": null, "ua_doc": null, "ru": "бульвар Богдана Хмельницкого, 39", "soviet": null, "latin": "bul. Bohdana Khmel'nyts'koho, 39", "renamed": null, "premises": "commercial", "count": 1, "types": "салон красоты", "cadastral": null, "area_ha": null, "district": "Жовтневый"}}, {"type": "Feature", "geometry": {"type": "Point", "coordinates": [37.52773, 47.11476]}, "properties": {"ua": null, "ua_doc": null, "ru": "бульвар Шевченко, 228", "soviet": null, "latin": "bul. Shevchenko, 228", "renamed": null, "premises": "commercial", "count": 1, "types": "магазин", "cadastral": null, "area_ha": null, "district": "Жовтневый"}}, {"type": "Feature", "geometry": {"type": "Point", "coordinates": [37.52668, 47.11498]}, "properties": {"ua": null, "ua_doc": null, "ru": "бульвар Шевченко, 234/147", "soviet": null, "latin": "bul. Shevchenko, 234/147", "renamed": null, "premises": "commercial", "count": 1, "types": "магазин", "cadastral": null, "area_ha": null, "district": "Жовтневый"}}, {"type": "Feature", "geometry": {"type": "Point", "coordinates": [37.52381, 47.11531]}, "properties": {"ua": null, "ua_doc": null, "ru": "бульвар Шевченко, 238", "soviet": null, "latin": "bul. Shevchenko, 238", "renamed": null, "premises": "commercial", "count": 1, "types": "салон красоты", "cadastral": null, "area_ha": null, "district": "Жовтневый"}}, {"type": "Feature", "geometry": {"type": "Point", "coordinates": [37.52212, 47.11543]}, "properties": {"ua": null, "ua_doc": null, "ru": "бульвар Шевченко, 240", "soviet": null, "latin": "bul. Shevchenko, 240", "renamed": null, "premises": "commercial", "count": 1, "types": "магазины", "cadastral": null, "area_ha": null, "district": "Жовтневый"}}, {"type": "Feature", "geometry": {"type": "Point", "coordinates": [37.52084, 47.11542]}, "properties": {"ua": null, "ua_doc": null, "ru": "бульвар Шевченко, 248", "soviet": null, "latin": "bul. Shevchenko, 248", "renamed": null, "premises": "commercial", "count": 1, "types": "салон красоты", "cadastral": null, "area_ha": null, "district": "Жовтневый"}}, {"type": "Feature", "geometry": {"type": "Point", "coordinates": [37.52444, 47.11717]}, "properties": {"ua": null, "ua_doc": null, "ru": "бульвар Шевченко, 287", "soviet": null, "latin": "bul. Shevchenko, 287", "renamed": null, "premises": "commercial", "count": 2, "types": "торговая деятельность; магазины", "cadastral": null, "area_ha": null, "district": "Жовтневый"}}, {"type": "Feature", "geometry": {"type": "Point", "coordinates": [37.5199, 47.11732]}, "properties": {"ua": null, "ua_doc": null, "ru": "бульвар Шевченко, 301", "soviet": null, "latin": "bul. Shevchenko, 301", "renamed": null, "premises": "commercial", "count": 1, "types": "Бытовые услуги", "cadastral": null, "area_ha": null, "district": "Жовтневый"}}, {"type": "Feature", "geometry": {"type": "Point", "coordinates": [37.51528, 47.11789]}, "properties": {"ua": null, "ua_doc": null, "ru": "бульвар Шевченко, 333", "soviet": null, "latin": "bul. Shevchenko, 333", "renamed": null, "premises": "commercial", "count": 2, "types": "строительный; торговая деятельность", "cadastral": null, "area_ha": null, "district": "Жовтневый"}}, {"type": "Feature", "geometry": {"type": "Point", "coordinates": [37.55301, 47.10996]}, "properties": {"ua": null, "ua_doc": null, "ru": "бульвар Шевченко, 91", "soviet": null, "latin": "bul. Shevchenko, 91", "renamed": null, "premises": "commercial", "count": 2, "types": "торговая деятельность; Магазин Орбита", "cadastral": null, "area_ha": null, "district": "Жовтневый"}}, {"type": "Feature", "geometry": {"type": "Point", "coordinates": [37.55166, 47.11058]}, "properties": {"ua": null, "ua_doc": null, "ru": "бульвар Шевченко, 93", "soviet": null, "latin": "bul. Shevchenko, 93", "renamed": null, "premises": "commercial", "count": 1, "types": "бытовые услуги", "cadastral": null, "area_ha": null, "district": "Жовтневый"}}, {"type": "Feature", "geometry": {"type": "Point", "coordinates": [37.55964, 47.09323]}, "properties": {"ua": "просп. Миру, 10/20", "ua_doc": null, "ru": "проспект Ленина, 10/20", "soviet": "просп. Леніна", "latin": "prosp. Myru, 10/20", "renamed": "Occupation reverted this street to its pre-2016 Soviet-era name: “просп. Леніна”.", "premises": "commercial", "count": 1, "types": "магазин \"Масло\"", "cadastral": null, "area_ha": null, "district": "Жовтневый"}}, {"type": "Feature", "geometry": {"type": "Point", "coordinates": [37.5223, 47.09976]}, "properties": {"ua": "просп. Миру, 107", "ua_doc": null, "ru": "проспект Ленина, 107", "soviet": "просп. Леніна", "latin": "prosp. Myru, 107", "renamed": "Occupation reverted this street to its pre-2016 Soviet-era name: “просп. Леніна”.", "premises": "commercial", "count": 1, "types": "юрид. Услуги", "cadastral": null, "area_ha": null, "district": "Жовтневый"}}, {"type": "Feature", "geometry": {"type": "Point", "coordinates": [37.50169, 47.09768]}, "properties": {"ua": "просп. Миру, 130", "ua_doc": null, "ru": "пр-т Ленина, 130", "soviet": "просп. Леніна", "latin": "prosp. Myru, 130", "renamed": "Occupation reverted this street to its pre-2016 Soviet-era name: “просп. Леніна”.", "premises": "commercial", "count": 2, "types": "магазин \"Эпицентр\"; \"ЭПИЦЕНТР\"", "cadastral": null, "area_ha": null, "district": "Жовтневый; Приморский"}}, {"type": "Feature", "geometry": {"type": "Point", "coordinates": [37.55883, 47.09371]}, "properties": {"ua": "просп. Миру, 14", "ua_doc": null, "ru": "проспект Ленина, 14", "soviet": "просп. Леніна", "latin": "prosp. Myru, 14", "renamed": "Occupation reverted this street to its pre-2016 Soviet-era name: “просп. Леніна”.", "premises": "commercial", "count": 5, "types": "салон \"Соло\"; магазн \"Обувь\"; магазин \"Трубоверт\"; магазин \"Теплолюкс\"; Парикмахерская", "cadastral": null, "area_ha": null, "district": "Жовтневый"}}, {"type": "Feature", "geometry": {"type": "Point", "coordinates": [37.55791, 47.09386]}, "properties": {"ua": "просп. Миру, 18/20", "ua_doc": null, "ru": "проспект Ленина, 18/20", "soviet": "просп. Леніна", "latin": "prosp. Myru, 18/20", "renamed": "Occupation reverted this street to its pre-2016 Soviet-era name: “просп. Леніна”.", "premises": "commercial", "count": 1, "types": "Оптика", "cadastral": null, "area_ha": null, "district": "Жовтневый"}}, {"type": "Feature", "geometry": {"type": "Point", "coordinates": [37.55771, 47.09443]}, "properties": {"ua": "просп. Миру, 23", "ua_doc": null, "ru": "проспект Ленина, 23", "soviet": "просп. Леніна", "latin": "prosp. Myru, 23", "renamed": "Occupation reverted this street to its pre-2016 Soviet-era name: “просп. Леніна”.", "premises": "commercial", "count": 1, "types": "магазин", "cadastral": null, "area_ha": null, "district": "Жовтневый"}}, {"type": "Feature", "geometry": {"type": "Point", "coordinates": [37.5565, 47.09413]}, "properties": {"ua": "просп. Миру, 24", "ua_doc": null, "ru": "проспект Ленина, 24", "soviet": "просп. Леніна", "latin": "prosp. Myru, 24", "renamed": "Occupation reverted this street to its pre-2016 Soviet-era name: “просп. Леніна”.", "premises": "commercial", "count": 3, "types": "свадебный салон; зоомагазин; магазин \"Букинист\"", "cadastral": null, "area_ha": null, "district": "Жовтневый"}}, {"type": "Feature", "geometry": {"type": "Point", "coordinates": [37.55382, 47.09471]}, "properties": {"ua": "просп. Миру, 38", "ua_doc": null, "ru": "пр-кт Ленина, 38", "soviet": "просп. Леніна", "latin": "prosp. Myru, 38", "renamed": "Occupation reverted this street to its pre-2016 Soviet-era name: “просп. Леніна”.", "premises": "commercial", "count": 1, "types": "магазин", "cadastral": null, "area_ha": null, "district": "Жовтневый"}}, {"type": "Feature", "geometry": {"type": "Point", "coordinates": [37.56063, 47.09333]}, "properties": {"ua": "просп. Миру, 4", "ua_doc": null, "ru": "проспект Ленина, 4", "soviet": "просп. Леніна", "latin": "prosp. Myru, 4", "renamed": "Occupation reverted this street to its pre-2016 Soviet-era name: “просп. Леніна”.", "premises": "commercial", "count": 2, "types": "магазин \"АТБ \"; ТЦ Евросити", "cadastral": null, "area_ha": null, "district": "Жовтневый"}}, {"type": "Feature", "geometry": {"type": "Point", "coordinates": [37.55181, 47.09475]}, "properties": {"ua": "просп. Миру, 42", "ua_doc": null, "ru": "проспект Ленина, 42", "soviet": "просп. Леніна", "latin": "prosp. Myru, 42", "renamed": "Occupation reverted this street to its pre-2016 Soviet-era name: “просп. Леніна”.", "premises": "commercial", "count": 2, "types": "кафе \"Изба\"; магазин", "cadastral": null, "area_ha": null, "district": "Жовтневый"}}, {"type": "Feature", "geometry": {"type": "Point", "coordinates": [37.55351, 47.09554]}, "properties": {"ua": "просп. Миру, 43", "ua_doc": null, "ru": "проспект Ленина, 43", "soviet": "просп. Леніна", "latin": "prosp. Myru, 43", "renamed": "Occupation reverted this street to its pre-2016 Soviet-era name: “просп. Леніна”.", "premises": "commercial", "count": 3, "types": "кафе \"Счастье\"; свадебный салон; Магазин", "cadastral": null, "area_ha": null, "district": "Жовтневый"}}, {"type": "Feature", "geometry": {"type": "Point", "coordinates": [37.54881, 47.09481]}, "properties": {"ua": "просп. Миру, 54/46", "ua_doc": null, "ru": "проспект Ленина, 54/46", "soviet": "просп. Леніна", "latin": "prosp. Myru, 54/46", "renamed": "Occupation reverted this street to its pre-2016 Soviet-era name: “просп. Леніна”.", "premises": "commercial", "count": 1, "types": "салон красоты", "cadastral": null, "area_ha": null, "district": "Жовтневый"}}, {"type": "Feature", "geometry": {"type": "Point", "coordinates": [37.54726, 47.09605]}, "properties": {"ua": "просп. Миру, 62", "ua_doc": null, "ru": "проспект Ленина, 62", "soviet": "просп. Леніна", "latin": "prosp. Myru, 62", "renamed": "Occupation reverted this street to its pre-2016 Soviet-era name: “просп. Леніна”.", "premises": "commercial", "count": 4, "types": "Оптика; \"Пьяная вишня\"; ресторан \"Нильсен\"; магазин \"Престиж\"", "cadastral": null, "area_ha": null, "district": "Жовтневый"}}, {"type": "Feature", "geometry": {"type": "Point", "coordinates": [37.54763, 47.09666]}, "properties": {"ua": "просп. Миру, 63/1", "ua_doc": null, "ru": "проспект Ленина, 63/1", "soviet": "просп. Леніна", "latin": "prosp. Myru, 63/1", "renamed": "Occupation reverted this street to its pre-2016 Soviet-era name: “просп. Леніна”.", "premises": "commercial", "count": 1, "types": "ногтевой сервис \"Лаванда\"", "cadastral": null, "area_ha": null, "district": "Жовтневый"}}, {"type": "Feature", "geometry": {"type": "Point", "coordinates": [37.54812, 47.09718]}, "properties": {"ua": "просп. Миру, 63/2", "ua_doc": null, "ru": "проспект Ленина, 63/2", "soviet": "просп. Леніна", "latin": "prosp. Myru, 63/2", "renamed": "Occupation reverted this street to its pre-2016 Soviet-era name: “просп. Леніна”.", "premises": "commercial", "count": 3, "types": "Кофейня; магазин \"Премиум мода\"; магазин \"Хамелион\"", "cadastral": null, "area_ha": null, "district": "Жовтневый"}}, {"type": "Feature", "geometry": {"type": "Point", "coordinates": [37.54407, 47.09661]}, "properties": {"ua": "просп. Миру, 66/39", "ua_doc": null, "ru": "проспект Ленина, 66/39", "soviet": "просп. Леніна", "latin": "prosp. Myru, 66/39", "renamed": "Occupation reverted this street to its pre-2016 Soviet-era name: “просп. Леніна”.", "premises": "commercial", "count": 3, "types": "магазин \"Батерфляй\"; кофейня; магазин", "cadastral": null, "area_ha": null, "district": "Жовтневый"}}, {"type": "Feature", "geometry": {"type": "Point", "coordinates": [37.54422, 47.09734]}, "properties": {"ua": "просп. Миру, 71/41", "ua_doc": null, "ru": "проспект Ленина, 71/41", "soviet": "просп. Леніна", "latin": "prosp. Myru, 71/41", "renamed": "Occupation reverted this street to its pre-2016 Soviet-era name: “просп. Леніна”.", "premises": "commercial", "count": 2, "types": "магазин Золотой век\"; магазин \"Обувь\"", "cadastral": null, "area_ha": null, "district": "Жовтневый"}}, {"type": "Feature", "geometry": {"type": "Point", "coordinates": [37.5363, 47.09705]}, "properties": {"ua": "просп. Миру, 80", "ua_doc": null, "ru": "проспект Ленина, 80", "soviet": "просп. Леніна", "latin": "prosp. Myru, 80", "renamed": "Occupation reverted this street to its pre-2016 Soviet-era name: “просп. Леніна”.", "premises": "commercial", "count": 1, "types": "торговая деятельность", "cadastral": null, "area_ha": null, "district": "Жовтневый"}}, {"type": "Feature", "geometry": {"type": "Point", "coordinates": [37.54037, 47.09753]}, "properties": {"ua": "просп. Миру, 81", "ua_doc": null, "ru": "проспект Ленина, 81", "soviet": "просп. Леніна", "latin": "prosp. Myru, 81", "renamed": "Occupation reverted this street to its pre-2016 Soviet-era name: “просп. Леніна”.", "premises": "commercial", "count": 1, "types": "магазин \"Красотка\"", "cadastral": null, "area_ha": null, "district": "Жовтневый"}}, {"type": "Feature", "geometry": {"type": "Point", "coordinates": [37.53165, 47.0976]}, "properties": {"ua": "просп. Миру, 82", "ua_doc": null, "ru": "проспект Ленина, 82", "soviet": "просп. Леніна", "latin": "prosp. Myru, 82", "renamed": "Occupation reverted this street to its pre-2016 Soviet-era name: “просп. Леніна”.", "premises": "commercial", "count": 5, "types": "магазин; юридические услуги; кафе", "cadastral": null, "area_ha": null, "district": "Жовтневый"}}, {"type": "Feature", "geometry": {"type": "Point", "coordinates": [37.53601, 47.09817]}, "properties": {"ua": "просп. Миру, 87а", "ua_doc": null, "ru": "проспект Ленина, 87а", "soviet": "просп. Леніна", "latin": "prosp. Myru, 87a", "renamed": "Occupation reverted this street to its pre-2016 Soviet-era name: “просп. Леніна”.", "premises": "commercial", "count": 1, "types": "магазин \"Стол и стул\"", "cadastral": null, "area_ha": null, "district": "Жовтневый"}}, {"type": "Feature", "geometry": {"type": "Point", "coordinates": [37.53068, 47.09766]}, "properties": {"ua": "просп. Миру, 90", "ua_doc": null, "ru": "проспект Ленина, 90", "soviet": "просп. Леніна", "latin": "prosp. Myru, 90", "renamed": "Occupation reverted this street to its pre-2016 Soviet-era name: “просп. Леніна”.", "premises": "commercial", "count": 1, "types": "магазин", "cadastral": null, "area_ha": null, "district": "Жовтневый"}}, {"type": "Feature", "geometry": {"type": "Point", "coordinates": [37.52977, 47.09763]}, "properties": {"ua": "просп. Миру, 92", "ua_doc": null, "ru": "проспект Ленина, 92", "soviet": "просп. Леніна", "latin": "prosp. Myru, 92", "renamed": "Occupation reverted this street to its pre-2016 Soviet-era name: “просп. Леніна”.", "premises": "commercial", "count": 3, "types": "магазин", "cadastral": null, "area_ha": null, "district": "Жовтневый"}}, {"type": "Feature", "geometry": {"type": "Point", "coordinates": [37.5287, 47.0977]}, "properties": {"ua": "просп. Миру, 94", "ua_doc": null, "ru": "проспект Ленина, 94", "soviet": "просп. Леніна", "latin": "prosp. Myru, 94", "renamed": "Occupation reverted this street to its pre-2016 Soviet-era name: “просп. Леніна”.", "premises": "commercial", "count": 4, "types": "торговая деятельность; кафе монокль; магазин", "cadastral": null, "area_ha": null, "district": "Жовтневый"}}, {"type": "Feature", "geometry": {"type": "Point", "coordinates": [37.52686, 47.09775]}, "properties": {"ua": "просп. Миру, 98", "ua_doc": null, "ru": "проспект Ленина, 98", "soviet": "просп. Леніна", "latin": "prosp. Myru, 98", "renamed": "Occupation reverted this street to its pre-2016 Soviet-era name: “просп. Леніна”.", "premises": "commercial", "count": 1, "types": "кафе \"Дядя Гиви\"", "cadastral": null, "area_ha": null, "district": "Жовтневый"}}, {"type": "Feature", "geometry": {"type": "Point", "coordinates": [37.55433, 47.10998]}, "properties": {"ua": null, "ua_doc": null, "ru": "проспект Металлургов, 102", "soviet": null, "latin": "prosp. Metallurhov, 102", "renamed": null, "premises": "commercial", "count": 1, "types": "маг. Натали", "cadastral": null, "area_ha": null, "district": "Жовтневый"}}, {"type": "Feature", "geometry": {"type": "Point", "coordinates": [37.56375, 47.12609]}, "properties": {"ua": null, "ua_doc": null, "ru": "проспект Металлургов, 156", "soviet": null, "latin": "prosp. Metallurhov, 156", "renamed": null, "premises": "commercial", "count": 1, "types": "Гастроном №1", "cadastral": null, "area_ha": null, "district": "Жовтневый"}}, {"type": "Feature", "geometry": {"type": "Point", "coordinates": [37.54282, 47.09269]}, "properties": {"ua": null, "ua_doc": null, "ru": "проспект Металлургов, 27", "soviet": null, "latin": "prosp. Metallurhov, 27", "renamed": null, "premises": "commercial", "count": 1, "types": "магазин \"АТБ \"", "cadastral": null, "area_ha": null, "district": "Жовтневый"}}, {"type": "Feature", "geometry": {"type": "Point", "coordinates": [37.54303, 47.09374]}, "properties": {"ua": null, "ua_doc": null, "ru": "проспект Металлургов, 29", "soviet": null, "latin": "prosp. Metallurhov, 29", "renamed": null, "premises": "commercial", "count": 1, "types": "мебельный магазин", "cadastral": null, "area_ha": null, "district": "Жовтневый"}}, {"type": "Feature", "geometry": {"type": "Point", "coordinates": [37.54368, 47.09529]}, "properties": {"ua": null, "ua_doc": null, "ru": "проспект Металлургов, 33", "soviet": null, "latin": "prosp. Metallurhov, 33", "renamed": null, "premises": "commercial", "count": 3, "types": "свадебный салон; консалтинговая деятельность; магазин \"Обувь\"", "cadastral": null, "area_ha": null, "district": "Жовтневый"}}, {"type": "Feature", "geometry": {"type": "Point", "coordinates": [37.54483, 47.09835]}, "properties": {"ua": null, "ua_doc": null, "ru": "проспект Металлургов, 45/9", "soviet": null, "latin": "prosp. Metallurhov, 45/9", "renamed": null, "premises": "commercial", "count": 3, "types": "магазин \"Сумки\"; магазин \"клуб Донна\"; Кафе", "cadastral": null, "area_ha": null, "district": "Жовтневый"}}, {"type": "Feature", "geometry": {"type": "Point", "coordinates": [37.54329, 47.09807]}, "properties": {"ua": null, "ua_doc": null, "ru": "проспект Металлургов, 56", "soviet": null, "latin": "prosp. Metallurhov, 56", "renamed": null, "premises": "commercial", "count": 1, "types": "торговая деятельность", "cadastral": null, "area_ha": null, "district": "Жовтневый"}}, {"type": "Feature", "geometry": {"type": "Point", "coordinates": [37.55053, 47.10429]}, "properties": {"ua": null, "ua_doc": null, "ru": "проспект Металлургов, 69", "soviet": null, "latin": "prosp. Metallurhov, 69", "renamed": null, "premises": "commercial", "count": 1, "types": "Магазин одежды \"Humana\"", "cadastral": null, "area_ha": null, "district": "Жовтневый"}}, {"type": "Feature", "geometry": {"type": "Point", "coordinates": [37.52999, 47.09128]}, "properties": {"ua": null, "ua_doc": null, "ru": "проспект Нахимова, 174/1", "soviet": null, "latin": "prosp. Nakhymova, 174/1", "renamed": null, "premises": "commercial", "count": 1, "types": "магазин окна", "cadastral": null, "area_ha": null, "district": "Жовтневый"}}, {"type": "Feature", "geometry": {"type": "Point", "coordinates": [37.53099, 47.09164]}, "properties": {"ua": null, "ua_doc": null, "ru": "проспект Нахимова, 178", "soviet": null, "latin": "prosp. Nakhymova, 178", "renamed": null, "premises": "commercial", "count": 2, "types": "магазин; эдисон", "cadastral": null, "area_ha": null, "district": "Жовтневый"}}, {"type": "Feature", "geometry": {"type": "Point", "coordinates": [37.53087, 47.09213]}, "properties": {"ua": null, "ua_doc": null, "ru": "проспект Нахимова, 180", "soviet": null, "latin": "prosp. Nakhymova, 180", "renamed": null, "premises": "commercial", "count": 2, "types": "Розничная торговля; магазин", "cadastral": null, "area_ha": null, "district": "Жовтневый"}}, {"type": "Feature", "geometry": {"type": "Point", "coordinates": [37.53127, 47.0924]}, "properties": {"ua": null, "ua_doc": null, "ru": "проспект Нахимова, 184", "soviet": null, "latin": "prosp. Nakhymova, 184", "renamed": null, "premises": "commercial", "count": 1, "types": "торговая деятельность", "cadastral": null, "area_ha": null, "district": "Жовтневый"}}, {"type": "Feature", "geometry": {"type": "Point", "coordinates": [37.53213, 47.09241]}, "properties": {"ua": null, "ua_doc": null, "ru": "проспект Нахимова, 186", "soviet": null, "latin": "prosp. Nakhymova, 186", "renamed": null, "premises": "commercial", "count": 1, "types": "натяжные потолки", "cadastral": null, "area_ha": null, "district": "Жовтневый"}}, {"type": "Feature", "geometry": {"type": "Point", "coordinates": [37.53359, 47.09339]}, "properties": {"ua": null, "ua_doc": null, "ru": "проспект Нахимова, 194", "soviet": null, "latin": "prosp. Nakhymova, 194", "renamed": null, "premises": "commercial", "count": 2, "types": "бытовые услуги населению; автозапчасти", "cadastral": null, "area_ha": null, "district": "Жовтневый"}}, {"type": "Feature", "geometry": {"type": "Point", "coordinates": [37.52349, 47.10078]}, "properties": {"ua": null, "ua_doc": null, "ru": "проспект Строителей, 100", "soviet": null, "latin": "prosp. Budivel'nykiv, 100", "renamed": null, "premises": "commercial", "count": 1, "types": "торговая деятельность", "cadastral": null, "area_ha": null, "district": "Жовтневый"}}, {"type": "Feature", "geometry": {"type": "Point", "coordinates": [37.52321, 47.09382]}, "properties": {"ua": null, "ua_doc": null, "ru": "проспект Строителей, 101", "soviet": null, "latin": "prosp. Budivel'nykiv, 101", "renamed": null, "premises": "commercial", "count": 1, "types": "оказание услуг", "cadastral": null, "area_ha": null, "district": "Жовтневый"}}, {"type": "Feature", "geometry": {"type": "Point", "coordinates": [37.52396, 47.10392]}, "properties": {"ua": null, "ua_doc": null, "ru": "проспект Строителей, 114", "soviet": null, "latin": "prosp. Budivel'nykiv, 114", "renamed": null, "premises": "commercial", "count": 2, "types": "сушибар; парикмахерская", "cadastral": null, "area_ha": null, "district": "Жовтневый"}}, {"type": "Feature", "geometry": {"type": "Point", "coordinates": [37.52421, 47.11333]}, "properties": {"ua": null, "ua_doc": null, "ru": "проспект Строителей, 138", "soviet": null, "latin": "prosp. Budivel'nykiv, 138", "renamed": null, "premises": "commercial", "count": 1, "types": "торговая деятельность", "cadastral": null, "area_ha": null, "district": "Жовтневый"}}, {"type": "Feature", "geometry": {"type": "Point", "coordinates": [37.52616, 47.11162]}, "properties": {"ua": null, "ua_doc": null, "ru": "проспект Строителей, 143", "soviet": null, "latin": "prosp. Budivel'nykiv, 143", "renamed": null, "premises": "commercial", "count": 1, "types": "магазин", "cadastral": null, "area_ha": null, "district": "Жовтневый"}}, {"type": "Feature", "geometry": {"type": "Point", "coordinates": [37.5269, 47.11459]}, "properties": {"ua": null, "ua_doc": null, "ru": "проспект Строителей, 147", "soviet": null, "latin": "prosp. Budivel'nykiv, 147", "renamed": null, "premises": "commercial", "count": 2, "types": "магазин", "cadastral": null, "area_ha": null, "district": "Жовтневый"}}, {"type": "Feature", "geometry": {"type": "Point", "coordinates": [37.52504, 47.11718]}, "properties": {"ua": null, "ua_doc": null, "ru": "проспект Строителей, 148", "soviet": null, "latin": "prosp. Budivel'nykiv, 148", "renamed": null, "premises": "commercial", "count": 1, "types": "Парикмахерская \"Персона\"", "cadastral": null, "area_ha": null, "district": "Жовтневый"}}, {"type": "Feature", "geometry": {"type": "Point", "coordinates": [37.52529, 47.11856]}, "properties": {"ua": null, "ua_doc": null, "ru": "проспект Строителей, 154", "soviet": null, "latin": "prosp. Budivel'nykiv, 154", "renamed": null, "premises": "commercial", "count": 4, "types": "торговая деятельность; магазин стройматериалов; Магазин \"Подсолнух\"; Магазин \"AutoZap\"", "cadastral": null, "area_ha": null, "district": "Жовтневый"}}, {"type": "Feature", "geometry": {"type": "Point", "coordinates": [37.52761, 47.11697]}, "properties": {"ua": null, "ua_doc": null, "ru": "проспект Строителей, 161", "soviet": null, "latin": "prosp. Budivel'nykiv, 161", "renamed": null, "premises": "commercial", "count": 3, "types": "Парикмахерская; Магазин Стройматериалы; Магазин \"Маркетант\"", "cadastral": null, "area_ha": null, "district": "Жовтневый"}}, {"type": "Feature", "geometry": {"type": "Point", "coordinates": [37.52803, 47.11694]}, "properties": {"ua": null, "ua_doc": null, "ru": "проспект Строителей, 161а", "soviet": null, "latin": "prosp. Budivel'nykiv, 161a", "renamed": null, "premises": "commercial", "count": 1, "types": "Кафе \"Милона\"", "cadastral": null, "area_ha": null, "district": "Жовтневый"}}, {"type": "Feature", "geometry": {"type": "Point", "coordinates": [37.52568, 47.12116]}, "properties": {"ua": null, "ua_doc": null, "ru": "проспект Строителей, 166", "soviet": null, "latin": "prosp. Budivel'nykiv, 166", "renamed": null, "premises": "commercial", "count": 1, "types": "Кофейня \"Моноколь\"", "cadastral": null, "area_ha": null, "district": "Жовтневый"}}, {"type": "Feature", "geometry": {"type": "Point", "coordinates": [37.52858, 47.11762]}, "properties": {"ua": null, "ua_doc": null, "ru": "проспект Строителей, 167", "soviet": null, "latin": "prosp. Budivel'nykiv, 167", "renamed": null, "premises": "commercial", "count": 1, "types": "магазин", "cadastral": null, "area_ha": null, "district": "Жовтневый"}}, {"type": "Feature", "geometry": {"type": "Point", "coordinates": [37.52887, 47.12326]}, "properties": {"ua": null, "ua_doc": null, "ru": "проспект Строителей, 193", "soviet": null, "latin": "prosp. Budivel'nykiv, 193", "renamed": null, "premises": "commercial", "count": 1, "types": "Магазин Продуктовый \"Бердянский\"", "cadastral": null, "area_ha": null, "district": "Жовтневый"}}, {"type": "Feature", "geometry": {"type": "Point", "coordinates": [37.52072, 47.08845]}, "properties": {"ua": null, "ua_doc": null, "ru": "проспект Строителей, 69", "soviet": null, "latin": "prosp. Budivel'nykiv, 69", "renamed": null, "premises": "commercial", "count": 3, "types": "салон красоты; продуктовый магазин; кафе", "cadastral": null, "area_ha": null, "district": "Жовтневый"}}, {"type": "Feature", "geometry": {"type": "Point", "coordinates": [37.52314, 47.09763]}, "properties": {"ua": null, "ua_doc": null, "ru": "проспект Строителей, 92", "soviet": null, "latin": "prosp. Budivel'nykiv, 92", "renamed": null, "premises": "commercial", "count": 3, "types": "торговая деятельность; парикмахерская \"Идеал\"", "cadastral": null, "area_ha": null, "district": "Жовтневый"}}, {"type": "Feature", "geometry": {"type": "Point", "coordinates": [37.52354, 47.09293]}, "properties": {"ua": null, "ua_doc": null, "ru": "проспект Строителей, 97", "soviet": null, "latin": "prosp. Budivel'nykiv, 97", "renamed": null, "premises": "commercial", "count": 1, "types": "магазин", "cadastral": null, "area_ha": null, "district": "Жовтневый"}}, {"type": "Feature", "geometry": {"type": "Point", "coordinates": [37.52322, 47.09982]}, "properties": {"ua": null, "ua_doc": null, "ru": "проспект Строителей, 98", "soviet": null, "latin": "prosp. Budivel'nykiv, 98", "renamed": null, "premises": "commercial", "count": 2, "types": "офис; торговая деятельность", "cadastral": null, "area_ha": null, "district": "Жовтневый"}}, {"type": "Feature", "geometry": {"type": "Point", "coordinates": [37.52394, 47.09357]}, "properties": {"ua": null, "ua_doc": null, "ru": "проспект Строителей, 99", "soviet": null, "latin": "prosp. Budivel'nykiv, 99", "renamed": null, "premises": "commercial", "count": 1, "types": "магазин", "cadastral": null, "area_ha": null, "district": "Жовтневый"}}, {"type": "Feature", "geometry": {"type": "Point", "coordinates": [37.52237, 47.11126]}, "properties": {"ua": "вул. Троицкая, 20", "ua_doc": null, "ru": "улица 50 лет СССР, 20", "soviet": "ул. 50 лет СССР", "latin": "vul. Troyts'ka, 20", "renamed": "Occupation reverted this street to its pre-2016 Soviet-era name: “ул. 50 лет СССР”.", "premises": "commercial", "count": 1, "types": "торговая деятельность", "cadastral": null, "area_ha": null, "district": "Жовтневый"}}, {"type": "Feature", "geometry": {"type": "Point", "coordinates": [37.52534, 47.11135]}, "properties": {"ua": "вул. Троицкая, 43", "ua_doc": null, "ru": "улица 50 лет СССР, 43", "soviet": "ул. 50 лет СССР", "latin": "vul. Troyts'ka, 43", "renamed": "Occupation reverted this street to its pre-2016 Soviet-era name: “ул. 50 лет СССР”.", "premises": "commercial", "count": 1, "types": "стоматология", "cadastral": null, "area_ha": null, "district": "Жовтневый"}}, {"type": "Feature", "geometry": {"type": "Point", "coordinates": [37.51589, 47.11102]}, "properties": {"ua": "вул. Троицкая, 44", "ua_doc": null, "ru": "улица 50 лет СССР, 44", "soviet": "ул. 50 лет СССР", "latin": "vul. Troyts'ka, 44", "renamed": "Occupation reverted this street to its pre-2016 Soviet-era name: “ул. 50 лет СССР”.", "premises": "commercial", "count": 1, "types": "торговая деятельность", "cadastral": null, "area_ha": null, "district": "Жовтневый"}}, {"type": "Feature", "geometry": {"type": "Point", "coordinates": [37.51296, 47.11101]}, "properties": {"ua": "вул. Троицкая, 46", "ua_doc": null, "ru": "ул. 50 лет СССР, 46", "soviet": "ул. 50 лет СССР", "latin": "vul. Troyts'ka, 46", "renamed": "Occupation reverted this street to its pre-2016 Soviet-era name: “ул. 50 лет СССР”.", "premises": "commercial", "count": 1, "types": "торговля", "cadastral": null, "area_ha": null, "district": "Жовтневый"}}, {"type": "Feature", "geometry": {"type": "Point", "coordinates": [37.52226, 47.11181]}, "properties": {"ua": "вул. Троицкая, 51", "ua_doc": null, "ru": "улица 50 лет СССР, 51", "soviet": "ул. 50 лет СССР", "latin": "vul. Troyts'ka, 51", "renamed": "Occupation reverted this street to its pre-2016 Soviet-era name: “ул. 50 лет СССР”.", "premises": "commercial", "count": 2, "types": "салон красоты; магазин", "cadastral": null, "area_ha": null, "district": "Жовтневый"}}, {"type": "Feature", "geometry": {"type": "Point", "coordinates": [37.51766, 47.11219]}, "properties": {"ua": "вул. Троицкая, 61", "ua_doc": null, "ru": "улица 50 лет СССР, 61", "soviet": "ул. 50 лет СССР", "latin": "vul. Troyts'ka, 61", "renamed": "Occupation reverted this street to its pre-2016 Soviet-era name: “ул. 50 лет СССР”.", "premises": "commercial", "count": 2, "types": "магазин; ателье", "cadastral": null, "area_ha": null, "district": "Жовтневый"}}, {"type": "Feature", "geometry": {"type": "Point", "coordinates": [37.51475, 47.11285]}, "properties": {"ua": "вул. Троицкая, 77", "ua_doc": null, "ru": "улица 50 лет СССР, 77", "soviet": "ул. 50 лет СССР", "latin": "vul. Troyts'ka, 77", "renamed": "Occupation reverted this street to its pre-2016 Soviet-era name: “ул. 50 лет СССР”.", "premises": "commercial", "count": 2, "types": "магазин; ателье", "cadastral": null, "area_ha": null, "district": "Жовтневый"}}, {"type": "Feature", "geometry": {"type": "Point", "coordinates": [37.51244, 47.12133]}, "properties": {"ua": "вул. Михайла Грушевського, 12", "ua_doc": null, "ru": "улица 60 лет СССР, 12", "soviet": "ул. 60 лет СССР", "latin": "vul. Mykhaila Hrushevs'koho, 12", "renamed": "Occupation reverted this street to its pre-2016 Soviet-era name: “ул. 60 лет СССР”.", "premises": "commercial", "count": 1, "types": "магазин", "cadastral": null, "area_ha": null, "district": "Жовтневый"}}, {"type": "Feature", "geometry": {"type": "Point", "coordinates": [37.51395, 47.12064]}, "properties": {"ua": "вул. Михайла Грушевського, 15", "ua_doc": null, "ru": "улица 60 лет СССР, 15", "soviet": "ул. 60 лет СССР", "latin": "vul. Mykhaila Hrushevs'koho, 15", "renamed": "Occupation reverted this street to its pre-2016 Soviet-era name: “ул. 60 лет СССР”.", "premises": "commercial", "count": 1, "types": "торговая деятельность", "cadastral": null, "area_ha": null, "district": "Жовтневый"}}, {"type": "Feature", "geometry": {"type": "Point", "coordinates": [37.51371, 47.12139]}, "properties": {"ua": "вул. Михайла Грушевського, 19", "ua_doc": null, "ru": "улица 60 лет СССР, 19", "soviet": "ул. 60 лет СССР", "latin": "vul. Mykhaila Hrushevs'koho, 19", "renamed": "Occupation reverted this street to its pre-2016 Soviet-era name: “ул. 60 лет СССР”.", "premises": "commercial", "count": 1, "types": "салон красоты", "cadastral": null, "area_ha": null, "district": "Жовтневый"}}, {"type": "Feature", "geometry": {"type": "Point", "coordinates": [37.51523, 47.12528]}, "properties": {"ua": "вул. Михайла Грушевського, 31", "ua_doc": null, "ru": "улица 60 лет СССР, 31", "soviet": "ул. 60 лет СССР", "latin": "vul. Mykhaila Hrushevs'koho, 31", "renamed": "Occupation reverted this street to its pre-2016 Soviet-era name: “ул. 60 лет СССР”.", "premises": "commercial", "count": 1, "types": "Кафе Пектраль", "cadastral": null, "area_ha": null, "district": "Жовтневый"}}, {"type": "Feature", "geometry": {"type": "Point", "coordinates": [37.51918, 47.12133]}, "properties": {"ua": null, "ua_doc": null, "ru": "улица 9 Авиадивизии, 16", "soviet": null, "latin": "vul. 9 Avyadyvyzyy, 16", "renamed": null, "premises": "commercial", "count": 2, "types": "парикмахерская", "cadastral": null, "area_ha": null, "district": "Жовтневый"}}, {"type": "Feature", "geometry": {"type": "Point", "coordinates": [37.53677, 47.09396]}, "properties": {"ua": "вул. Итальянская, 123", "ua_doc": null, "ru": "улица Апатова, 123", "soviet": "ул. Апатова", "latin": "vul. Ytal'ians'ka, 123", "renamed": "Occupation reverted this street to its pre-2016 Soviet-era name: “ул. Апатова”.", "premises": "commercial", "count": 1, "types": "торговая деятельность", "cadastral": null, "area_ha": null, "district": "Жовтневый"}}, {"type": "Feature", "geometry": {"type": "Point", "coordinates": [37.55077, 47.09692]}, "properties": {"ua": "вул. Архипа Куїнджі, 35", "ua_doc": null, "ru": "улица Артема, 35", "soviet": "вул. Артема", "latin": "vul. Arkhypa Kuindzhi, 35", "renamed": "Occupation reverted this street to its pre-2016 Soviet-era name: “вул. Артема”.", "premises": "commercial", "count": 3, "types": "Салон красоты; Магазин \"Информатик\"; Магазин \"Вина Мира\"", "cadastral": null, "area_ha": null, "district": "Жовтневый"}}, {"type": "Feature", "geometry": {"type": "Point", "coordinates": [37.55137, 47.09757]}, "properties": {"ua": "вул. Архипа Куїнджі, 37", "ua_doc": null, "ru": "улица Артема, 37", "soviet": "вул. Артема", "latin": "vul. Arkhypa Kuindzhi, 37", "renamed": "Occupation reverted this street to its pre-2016 Soviet-era name: “вул. Артема”.", "premises": "commercial", "count": 2, "types": "торговая деятельность; магазин", "cadastral": null, "area_ha": null, "district": "Жовтневый"}}, {"type": "Feature", "geometry": {"type": "Point", "coordinates": [37.54872, 47.09429]}, "properties": {"ua": "вул. Архипа Куїнджі, 44", "ua_doc": null, "ru": "улица Артема, 44", "soviet": "вул. Артема", "latin": "vul. Arkhypa Kuindzhi, 44", "renamed": "Occupation reverted this street to its pre-2016 Soviet-era name: “вул. Артема”.", "premises": "commercial", "count": 1, "types": "магазин", "cadastral": null, "area_ha": null, "district": "Жовтневый"}}, {"type": "Feature", "geometry": {"type": "Point", "coordinates": [37.55046, 47.09754]}, "properties": {"ua": "вул. Архипа Куїнджі, 48", "ua_doc": null, "ru": "улица Артема, 48", "soviet": "вул. Артема", "latin": "vul. Arkhypa Kuindzhi, 48", "renamed": "Occupation reverted this street to its pre-2016 Soviet-era name: “вул. Артема”.", "premises": "commercial", "count": 6, "types": "кафе; \"Медиа-фото\"", "cadastral": null, "area_ha": null, "district": "Жовтневый"}}, {"type": "Feature", "geometry": {"type": "Point", "coordinates": [37.55295, 47.09923]}, "properties": {"ua": "вул. Архипа Куїнджі, 49", "ua_doc": null, "ru": "улица Артема, 49", "soviet": "вул. Артема", "latin": "vul. Arkhypa Kuindzhi, 49", "renamed": "Occupation reverted this street to its pre-2016 Soviet-era name: “вул. Артема”.", "premises": "commercial", "count": 2, "types": "маг. Караван; маг. Арсенал", "cadastral": null, "area_ha": null, "district": "Жовтневый"}}, {"type": "Feature", "geometry": {"type": "Point", "coordinates": [37.55351, 47.09967]}, "properties": {"ua": "вул. Архипа Куїнджі, 51", "ua_doc": null, "ru": "улица Артема, 51", "soviet": "вул. Артема", "latin": "vul. Arkhypa Kuindzhi, 51", "renamed": "Occupation reverted this street to its pre-2016 Soviet-era name: “вул. Артема”.", "premises": "commercial", "count": 3, "types": "кафе; швейная мастерская; магазин", "cadastral": null, "area_ha": null, "district": "Жовтневый"}}, {"type": "Feature", "geometry": {"type": "Point", "coordinates": [37.55192, 47.09907]}, "properties": {"ua": "вул. Архипа Куїнджі, 56", "ua_doc": null, "ru": "улица Артема, 56", "soviet": "вул. Артема", "latin": "vul. Arkhypa Kuindzhi, 56", "renamed": "Occupation reverted this street to its pre-2016 Soviet-era name: “вул. Артема”.", "premises": "commercial", "count": 1, "types": "Приватбанк", "cadastral": null, "area_ha": null, "district": "Жовтневый"}}, {"type": "Feature", "geometry": {"type": "Point", "coordinates": [37.55276, 47.09997]}, "properties": {"ua": "вул. Архипа Куїнджі, 58", "ua_doc": null, "ru": "улица Артема, 58", "soviet": "вул. Артема", "latin": "vul. Arkhypa Kuindzhi, 58", "renamed": "Occupation reverted this street to its pre-2016 Soviet-era name: “вул. Артема”.", "premises": "commercial", "count": 3, "types": "магазин; парекмахер; магазин эл. Техники", "cadastral": null, "area_ha": null, "district": "Жовтневый"}}, {"type": "Feature", "geometry": {"type": "Point", "coordinates": [37.555, 47.10136]}, "properties": {"ua": "вул. Архипа Куїнджі, 69", "ua_doc": null, "ru": "улица Артема, 69", "soviet": "вул. Артема", "latin": "vul. Arkhypa Kuindzhi, 69", "renamed": "Occupation reverted this street to its pre-2016 Soviet-era name: “вул. Артема”.", "premises": "commercial", "count": 1, "types": "торговая деятельность", "cadastral": null, "area_ha": null, "district": "Жовтневый"}}, {"type": "Feature", "geometry": {"type": "Point", "coordinates": [37.55388, 47.10115]}, "properties": {"ua": "вул. Архипа Куїнджі, 72", "ua_doc": null, "ru": "улица Артема, 72", "soviet": "вул. Артема", "latin": "vul. Arkhypa Kuindzhi, 72", "renamed": "Occupation reverted this street to its pre-2016 Soviet-era name: “вул. Артема”.", "premises": "commercial", "count": 1, "types": "космет. Салон", "cadastral": null, "area_ha": null, "district": "Жовтневый"}}, {"type": "Feature", "geometry": {"type": "Point", "coordinates": [37.55126, 47.0984]}, "properties": {"ua": "вул. Архипа Куїнджі, 54", "ua_doc": null, "ru": "улица Артема, 54", "soviet": "вул. Артема", "latin": "vul. Arkhypa Kuindzhi, 54", "renamed": "Occupation reverted this street to its pre-2016 Soviet-era name: “вул. Артема”.", "premises": "commercial", "count": 1, "types": "Общественное питание", "cadastral": null, "area_ha": null, "district": "Жовтневый"}}, {"type": "Feature", "geometry": {"type": "Point", "coordinates": [37.50856, 47.09212]}, "properties": {"ua": null, "ua_doc": null, "ru": "улица Бахчиванджи, 14", "soviet": null, "latin": "vul. Bakhchyvandzhy, 14", "renamed": null, "premises": "commercial", "count": 1, "types": "вет. клиника", "cadastral": null, "area_ha": null, "district": "Жовтневый"}}, {"type": "Feature", "geometry": {"type": "Point", "coordinates": [37.52399, 47.09122]}, "properties": {"ua": null, "ua_doc": null, "ru": "улица Бахчиванджи, 20", "soviet": null, "latin": "vul. Bakhchyvandzhy, 20", "renamed": null, "premises": "commercial", "count": 2, "types": "зоомагазин; магазин окон", "cadastral": null, "area_ha": null, "district": "Жовтневый"}}, {"type": "Feature", "geometry": {"type": "Point", "coordinates": [37.52329, 47.09139]}, "properties": {"ua": null, "ua_doc": null, "ru": "улица Бахчиванджи, 22", "soviet": null, "latin": "vul. Bakhchyvandzhy, 22", "renamed": null, "premises": "commercial", "count": 2, "types": "торговая деятельность; продуктовый магазин", "cadastral": null, "area_ha": null, "district": "Жовтневый"}}, {"type": "Feature", "geometry": {"type": "Point", "coordinates": [37.52862, 47.09147]}, "properties": {"ua": null, "ua_doc": null, "ru": "улица Бахчиванджи, 5", "soviet": null, "latin": "vul. Bakhchyvandzhy, 5", "renamed": null, "premises": "commercial", "count": 2, "types": "офис; стройматериалы", "cadastral": null, "area_ha": null, "district": "Жовтневый"}}, {"type": "Feature", "geometry": {"type": "Point", "coordinates": [37.52931, 47.09175]}, "properties": {"ua": null, "ua_doc": null, "ru": "улица Бахчиванджи, 5б", "soviet": null, "latin": "vul. Bakhchyvandzhy, 5b", "renamed": null, "premises": "commercial", "count": 1, "types": "торговая деятельность", "cadastral": null, "area_ha": null, "district": "Жовтневый"}}, {"type": "Feature", "geometry": {"type": "Point", "coordinates": [37.51651, 47.12595]}, "properties": {"ua": null, "ua_doc": null, "ru": "улица Гранитная, 126", "soviet": null, "latin": "vul. Hranytnaia, 126", "renamed": null, "premises": "commercial", "count": 1, "types": "Продуктовый магазин", "cadastral": null, "area_ha": null, "district": "Жовтневый"}}, {"type": "Feature", "geometry": {"type": "Point", "coordinates": [37.51086, 47.12747]}, "properties": {"ua": null, "ua_doc": null, "ru": "улица Гранитная, 160", "soviet": null, "latin": "vul. Hranytnaia, 160", "renamed": null, "premises": "commercial", "count": 1, "types": "магазин", "cadastral": null, "area_ha": null, "district": "Жовтневый"}}, {"type": "Feature", "geometry": {"type": "Point", "coordinates": [37.55276, 47.094]}, "properties": {"ua": null, "ua_doc": null, "ru": "улица Греческая, 32", "soviet": null, "latin": "vul. Hreches'ka, 32", "renamed": null, "premises": "commercial", "count": 1, "types": "кафе \"Суфра\"", "cadastral": null, "area_ha": null, "district": "Жовтневый"}}, {"type": "Feature", "geometry": {"type": "Point", "coordinates": [37.51794, 47.10699]}, "properties": {"ua": null, "ua_doc": null, "ru": "ул. Зелинского, 112", "soviet": null, "latin": "vul. Zelyns'koho, 112", "renamed": null, "premises": "commercial", "count": 1, "types": "магазин \"Планета запчастей\"", "cadastral": null, "area_ha": null, "district": "Жовтневый"}}, {"type": "Feature", "geometry": {"type": "Point", "coordinates": [37.53853, 47.09379]}, "properties": {"ua": null, "ua_doc": null, "ru": "улица Итальянская, 119", "soviet": null, "latin": "vul. Ytal'ians'ka, 119", "renamed": null, "premises": "commercial", "count": 1, "types": "\"Праздник для всех\"", "cadastral": null, "area_ha": null, "district": "Жовтневый"}}, {"type": "Feature", "geometry": {"type": "Point", "coordinates": [37.53677, 47.09396]}, "properties": {"ua": null, "ua_doc": null, "ru": "улица Итальянская, 123", "soviet": null, "latin": "vul. Ytal'ians'ka, 123", "renamed": null, "premises": "commercial", "count": 2, "types": "Парикмахерская; магазин", "cadastral": null, "area_ha": null, "district": "Жовтневый"}}, {"type": "Feature", "geometry": {"type": "Point", "coordinates": [37.53882, 47.09414]}, "properties": {"ua": null, "ua_doc": null, "ru": "улица Казанцева, 14а", "soviet": null, "latin": "vul. Kazantseva, 14a", "renamed": null, "premises": "commercial", "count": 3, "types": "торговая деятельность; магазин; магазин \"Бизнес-партнер\"", "cadastral": null, "area_ha": null, "district": "Жовтневый"}}, {"type": "Feature", "geometry": {"type": "Point", "coordinates": [37.53895, 47.0949]}, "properties": {"ua": null, "ua_doc": null, "ru": "улица Казанцева, 18а", "soviet": null, "latin": "vul. Kazantseva, 18a", "renamed": null, "premises": "commercial", "count": 1, "types": "косметология", "cadastral": null, "area_ha": null, "district": "Жовтневый"}}, {"type": "Feature", "geometry": {"type": "Point", "coordinates": [37.54435, 47.10389]}, "properties": {"ua": null, "ua_doc": null, "ru": "улица Казанцева, 25", "soviet": null, "latin": "vul. Kazantseva, 25", "renamed": null, "premises": "commercial", "count": 1, "types": "торговая деятельность", "cadastral": null, "area_ha": null, "district": "Жовтневый"}}, {"type": "Feature", "geometry": {"type": "Point", "coordinates": [37.51369, 47.10739]}, "properties": {"ua": "вул. Митрополитська, 100", "ua_doc": null, "ru": "улица К.Либкнехта, 100", "soviet": "вул. Карла Лібкнехта", "latin": "vul. Mytropolyts'ka, 100", "renamed": "Occupation reverted this street to its pre-2016 Soviet-era name: “вул. Карла Лібкнехта”.", "premises": "commercial", "count": 1, "types": "Лайм", "cadastral": null, "area_ha": null, "district": "Жовтневый"}}, {"type": "Feature", "geometry": {"type": "Point", "coordinates": [37.53513, 47.10588]}, "properties": {"ua": "вул. Митрополитська, 58", "ua_doc": null, "ru": "улица К.Либкнехта, 58", "soviet": "вул. Карла Лібкнехта", "latin": "vul. Mytropolyts'ka, 58", "renamed": "Occupation reverted this street to its pre-2016 Soviet-era name: “вул. Карла Лібкнехта”.", "premises": "commercial", "count": 2, "types": "торговая деятельность; салон зеркал и люстр", "cadastral": null, "area_ha": null, "district": "Жовтневый"}}, {"type": "Feature", "geometry": {"type": "Point", "coordinates": [37.53225, 47.10608]}, "properties": {"ua": "вул. Митрополитська, 60", "ua_doc": null, "ru": "улица К.Либкнехта, 60", "soviet": "вул. Карла Лібкнехта", "latin": "vul. Mytropolyts'ka, 60", "renamed": "Occupation reverted this street to its pre-2016 Soviet-era name: “вул. Карла Лібкнехта”.", "premises": "commercial", "count": 2, "types": "бытовые услуги; цветочный", "cadastral": null, "area_ha": null, "district": "Жовтневый"}}, {"type": "Feature", "geometry": {"type": "Point", "coordinates": [37.51719, 47.10673]}, "properties": {"ua": "вул. Митрополитська, 90б", "ua_doc": null, "ru": "улица К.Либкнехта, 90б", "soviet": "вул. Карла Лібкнехта", "latin": "vul. Mytropolyts'ka, 90b", "renamed": "Occupation reverted this street to its pre-2016 Soviet-era name: “вул. Карла Лібкнехта”.", "premises": "commercial", "count": 1, "types": "Магазин Стройматериалы \"Каскад\"", "cadastral": null, "area_ha": null, "district": "Жовтневый"}}, {"type": "Feature", "geometry": {"type": "Point", "coordinates": [37.53716, 47.11523]}, "properties": {"ua": "вул. Марьинская, 215", "ua_doc": null, "ru": "улица Кирова, 215", "soviet": "ул. Кирова", "latin": "vul. Mar'yns'ka, 215", "renamed": "Occupation reverted this street to its pre-2016 Soviet-era name: “ул. Кирова”.", "premises": "commercial", "count": 1, "types": "Магазин \"Милан\"", "cadastral": null, "area_ha": null, "district": "Жовтневый"}}, {"type": "Feature", "geometry": {"type": "Point", "coordinates": [37.55454, 47.11079]}, "properties": {"ua": null, "ua_doc": null, "ru": "улица Котляревского, 2", "soviet": null, "latin": "vul. Kotliarevs'koho, 2", "renamed": null, "premises": "commercial", "count": 1, "types": "торговая деятельность", "cadastral": null, "area_ha": null, "district": "Жовтневый"}}, {"type": "Feature", "geometry": {"type": "Point", "coordinates": [37.5119, 47.1155]}, "properties": {"ua": null, "ua_doc": null, "ru": "ул. Куприна, 77б", "soviet": null, "latin": "vul. Kupryna, 77b", "renamed": null, "premises": "commercial", "count": 1, "types": "магазин", "cadastral": null, "area_ha": null, "district": "Жовтневый"}}, {"type": "Feature", "geometry": {"type": "Point", "coordinates": [37.51244, 47.10253]}, "properties": {"ua": null, "ua_doc": null, "ru": "улица Куприна, 11", "soviet": null, "latin": "vul. Kupryna, 11", "renamed": null, "premises": "commercial", "count": 1, "types": "торговая деятельность", "cadastral": null, "area_ha": null, "district": "Жовтневый"}}, {"type": "Feature", "geometry": {"type": "Point", "coordinates": [37.55366, 47.10681]}, "properties": {"ua": null, "ua_doc": null, "ru": "проспект Металлургов, 95", "soviet": null, "latin": "prosp. Metallurhov, 95", "renamed": null, "premises": "commercial", "count": 1, "types": "общепит", "cadastral": null, "area_ha": null, "district": "Жовтневый"}}, {"type": "Feature", "geometry": {"type": "Point", "coordinates": [37.55228, 47.09746]}, "properties": {"ua": null, "ua_doc": null, "ru": "ул. Николаевская, 54", "soviet": null, "latin": "vul. Mykolaivs'ka, 54", "renamed": null, "premises": "commercial", "count": 1, "types": "торговая деятельность", "cadastral": null, "area_ha": null, "district": "Жовтневый"}}, {"type": "Feature", "geometry": {"type": "Point", "coordinates": [37.54649, 47.09911]}, "properties": {"ua": null, "ua_doc": null, "ru": "улица Николаевская, 82", "soviet": null, "latin": "vul. Mykolaivs'ka, 82", "renamed": null, "premises": "commercial", "count": 1, "types": "косметический салон", "cadastral": null, "area_ha": null, "district": "Жовтневый"}}, {"type": "Feature", "geometry": {"type": "Point", "coordinates": [37.59786, 47.13954]}, "properties": {"ua": null, "ua_doc": null, "ru": "улица Семашко, 15", "soviet": null, "latin": "vul. Semashko, 15", "renamed": null, "premises": "commercial", "count": 1, "types": "торговая деятельность", "cadastral": null, "area_ha": null, "district": "Жовтневый"}}, {"type": "Feature", "geometry": {"type": "Point", "coordinates": [37.50907, 47.12016]}, "properties": {"ua": null, "ua_doc": null, "ru": "улица Солнечная, 5", "soviet": null, "latin": "vul. Solnechnaia, 5", "renamed": null, "premises": "commercial", "count": 1, "types": "торговая деятельность", "cadastral": null, "area_ha": null, "district": "Жовтневый"}}, {"type": "Feature", "geometry": {"type": "Point", "coordinates": [37.50979, 47.12196]}, "properties": {"ua": null, "ua_doc": null, "ru": "улица Солнечная, 15", "soviet": null, "latin": "vul. Solnechnaia, 15", "renamed": null, "premises": "commercial", "count": 1, "types": "магазин", "cadastral": null, "area_ha": null, "district": "Жовтневый"}}, {"type": "Feature", "geometry": {"type": "Point", "coordinates": [37.50814, 47.12519]}, "properties": {"ua": "вул. Пилипа Орлика, 109", "ua_doc": null, "ru": "улица Урицкого, 109", "soviet": "вул. Урицького", "latin": "vul. Pylypa Orlyka, 109", "renamed": "Occupation reverted this street to its pre-2016 Soviet-era name: “вул. Урицького”.", "premises": "commercial", "count": 1, "types": "помещение", "cadastral": null, "area_ha": null, "district": "Жовтневый"}}, {"type": "Feature", "geometry": {"type": "Point", "coordinates": [37.51413, 47.12224]}, "properties": {"ua": "вул. Пилипа Орлика, 114", "ua_doc": null, "ru": "улица Урицкого, 114", "soviet": "вул. Урицького", "latin": "vul. Pylypa Orlyka, 114", "renamed": "Occupation reverted this street to its pre-2016 Soviet-era name: “вул. Урицького”.", "premises": "commercial", "count": 1, "types": "торговая деятельность", "cadastral": null, "area_ha": null, "district": "Жовтневый"}}, {"type": "Feature", "geometry": {"type": "Point", "coordinates": [37.51399, 47.12173]}, "properties": {"ua": "вул. Пилипа Орлика, 116", "ua_doc": null, "ru": "улица Урицкого, 116", "soviet": "вул. Урицького", "latin": "vul. Pylypa Orlyka, 116", "renamed": "Occupation reverted this street to its pre-2016 Soviet-era name: “вул. Урицького”.", "premises": "commercial", "count": 1, "types": "АТБ", "cadastral": null, "area_ha": null, "district": "Жовтневый"}}, {"type": "Feature", "geometry": {"type": "Point", "coordinates": [37.51033, 47.12512]}, "properties": {"ua": "вул. Пилипа Орлика, 99", "ua_doc": null, "ru": "улица Урицкого, 99", "soviet": "вул. Урицького", "latin": "vul. Pylypa Orlyka, 99", "renamed": "Occupation reverted this street to its pre-2016 Soviet-era name: “вул. Урицького”.", "premises": "commercial", "count": 1, "types": "магазин", "cadastral": null, "area_ha": null, "district": "Жовтневый"}}, {"type": "Feature", "geometry": {"type": "Point", "coordinates": [37.66388, 47.09115]}, "properties": {"ua": null, "ua_doc": null, "ru": "ул. Шевченко, 17", "soviet": null, "latin": "vul. Shevchenko, 17", "renamed": null, "premises": "commercial", "count": 1, "types": "магазин 2 эт.", "cadastral": null, "area_ha": null, "district": "Жовтневый"}}, {"type": "Feature", "geometry": {"type": "Point", "coordinates": [37.54567, 47.09029]}, "properties": {"ua": "вул. Архитектора Нильсена, 1", "ua_doc": null, "ru": "улица Энгельса, 1", "soviet": "ул. Энгельса", "latin": "vul. Arkhytektora Nyl'sena, 1", "renamed": "Occupation reverted this street to its pre-2016 Soviet-era name: “ул. Энгельса”.", "premises": "commercial", "count": 1, "types": "продуктовый магазин", "cadastral": null, "area_ha": null, "district": "Жовтневый"}}, {"type": "Feature", "geometry": {"type": "Point", "coordinates": [37.5466, 47.09734]}, "properties": {"ua": "вул. Архитектора Нильсена, 32", "ua_doc": null, "ru": "улица Энгельса, 32", "soviet": "ул. Энгельса", "latin": "vul. Arkhytektora Nyl'sena, 32", "renamed": "Occupation reverted this street to its pre-2016 Soviet-era name: “ул. Энгельса”.", "premises": "commercial", "count": 2, "types": "магазин \"Сток\"; мастерская", "cadastral": null, "area_ha": null, "district": "Жовтневый"}}, {"type": "Feature", "geometry": {"type": "Point", "coordinates": [37.58904, 47.13611]}, "properties": {"ua": "просп. Никопольский, 52", "ua_doc": null, "ru": "проспект Ильича, 52", "soviet": "просп. Ильича", "latin": "prosp. Nykopol's'kyi, 52", "renamed": "Occupation reverted this street to its pre-2016 Soviet-era name: “просп. Ильича”.", "premises": "commercial", "count": 1, "types": "торговая деятельность", "cadastral": null, "area_ha": null, "district": "Ильичевский"}}, {"type": "Feature", "geometry": {"type": "Point", "coordinates": [37.56759, 47.13787]}, "properties": {"ua": null, "ua_doc": null, "ru": "проспект Металлургов, 208", "soviet": null, "latin": "prosp. Metallurhov, 208", "renamed": null, "premises": "commercial", "count": 1, "types": "юридические услуги", "cadastral": null, "area_ha": null, "district": "Ильичевский"}}, {"type": "Feature", "geometry": {"type": "Point", "coordinates": [37.55652, 47.11028]}, "properties": {"ua": null, "ua_doc": null, "ru": "проспект Металлургов, 121", "soviet": null, "latin": "prosp. Metallurhov, 121", "renamed": null, "premises": "commercial", "count": 1, "types": "торговая деятельность", "cadastral": null, "area_ha": null, "district": "Ильичевский"}}, {"type": "Feature", "geometry": {"type": "Point", "coordinates": [37.558, 47.11124]}, "properties": {"ua": null, "ua_doc": null, "ru": "проспект Металлургов, 123а", "soviet": null, "latin": "prosp. Metallurhov, 123a", "renamed": null, "premises": "commercial", "count": 1, "types": "торговая деятельность", "cadastral": null, "area_ha": null, "district": "Ильичевский"}}, {"type": "Feature", "geometry": {"type": "Point", "coordinates": [37.56361, 47.11994]}, "properties": {"ua": null, "ua_doc": null, "ru": "проспект Металлургов, 141", "soviet": null, "latin": "prosp. Metallurhov, 141", "renamed": null, "premises": "commercial", "count": 1, "types": "Парикмахерская, магазин", "cadastral": null, "area_ha": null, "district": "Ильичевский"}}, {"type": "Feature", "geometry": {"type": "Point", "coordinates": [37.56374, 47.12047]}, "properties": {"ua": null, "ua_doc": null, "ru": "проспект Металлургов, 145", "soviet": null, "latin": "prosp. Metallurhov, 145", "renamed": null, "premises": "commercial", "count": 1, "types": "Магазин продуктов питания,  хозтовары", "cadastral": null, "area_ha": null, "district": "Ильичевский"}}, {"type": "Feature", "geometry": {"type": "Point", "coordinates": [37.56431, 47.12786]}, "properties": {"ua": null, "ua_doc": null, "ru": "проспект Металлургов, 164", "soviet": null, "latin": "prosp. Metallurhov, 164", "renamed": null, "premises": "commercial", "count": 3, "types": "магазин; торговля", "cadastral": null, "area_ha": null, "district": "Ильичевский"}}, {"type": "Feature", "geometry": {"type": "Point", "coordinates": [37.56456, 47.12871]}, "properties": {"ua": null, "ua_doc": null, "ru": "проспект Металлургов, 166", "soviet": null, "latin": "prosp. Metallurhov, 166", "renamed": null, "premises": "commercial", "count": 1, "types": "торговая деятельность", "cadastral": null, "area_ha": null, "district": "Ильичевский"}}, {"type": "Feature", "geometry": {"type": "Point", "coordinates": [37.56402, 47.1238]}, "properties": {"ua": null, "ua_doc": null, "ru": "проспект Металлургов, 167", "soviet": null, "latin": "prosp. Metallurhov, 167", "renamed": null, "premises": "commercial", "count": 2, "types": "магазин", "cadastral": null, "area_ha": null, "district": "Ильичевский"}}, {"type": "Feature", "geometry": {"type": "Point", "coordinates": [37.56438, 47.13001]}, "properties": {"ua": null, "ua_doc": null, "ru": "проспект Металлургов, 170", "soviet": null, "latin": "prosp. Metallurhov, 170", "renamed": null, "premises": "commercial", "count": 1, "types": "торговая деятельность", "cadastral": null, "area_ha": null, "district": "Ильичевский"}}, {"type": "Feature", "geometry": {"type": "Point", "coordinates": [37.56527, 47.13095]}, "properties": {"ua": null, "ua_doc": null, "ru": "проспект Металлургов, 174", "soviet": null, "latin": "prosp. Metallurhov, 174", "renamed": null, "premises": "commercial", "count": 1, "types": "торговая деятельность", "cadastral": null, "area_ha": null, "district": "Ильичевский"}}, {"type": "Feature", "geometry": {"type": "Point", "coordinates": [37.56446, 47.12518]}, "properties": {"ua": null, "ua_doc": null, "ru": "проспект Металлургов, 175", "soviet": null, "latin": "prosp. Metallurhov, 175", "renamed": null, "premises": "commercial", "count": 1, "types": "торговая деятельность", "cadastral": null, "area_ha": null, "district": "Ильичевский"}}, {"type": "Feature", "geometry": {"type": "Point", "coordinates": [37.56673, 47.13526]}, "properties": {"ua": null, "ua_doc": null, "ru": "проспект Металлургов, 198", "soviet": null, "latin": "prosp. Metallurhov, 198", "renamed": null, "premises": "commercial", "count": 2, "types": "торговая деятельность; хоздеятельность", "cadastral": null, "area_ha": null, "district": "Ильичевский"}}, {"type": "Feature", "geometry": {"type": "Point", "coordinates": [37.56778, 47.13847]}, "properties": {"ua": null, "ua_doc": null, "ru": "проспект Металлургов, 210", "soviet": null, "latin": "prosp. Metallurhov, 210", "renamed": null, "premises": "commercial", "count": 1, "types": "торговая деятельность", "cadastral": null, "area_ha": null, "district": "Ильичевский"}}, {"type": "Feature", "geometry": {"type": "Point", "coordinates": [37.56628, 47.1315]}, "properties": {"ua": null, "ua_doc": null, "ru": "проспект Металлургов, 213", "soviet": null, "latin": "prosp. Metallurhov, 213", "renamed": null, "premises": "commercial", "count": 1, "types": "Магазин", "cadastral": null, "area_ha": null, "district": "Ильичевский"}}, {"type": "Feature", "geometry": {"type": "Point", "coordinates": [37.56647, 47.13207]}, "properties": {"ua": null, "ua_doc": null, "ru": "проспект Металлургов, 215", "soviet": null, "latin": "prosp. Metallurhov, 215", "renamed": null, "premises": "commercial", "count": 1, "types": "Магазин", "cadastral": null, "area_ha": null, "district": "Ильичевский"}}, {"type": "Feature", "geometry": {"type": "Point", "coordinates": [37.56722, 47.13433]}, "properties": {"ua": null, "ua_doc": null, "ru": "проспект Металлургов, 225", "soviet": null, "latin": "prosp. Metallurhov, 225", "renamed": null, "premises": "commercial", "count": 1, "types": "Кафе", "cadastral": null, "area_ha": null, "district": "Ильичевский"}}, {"type": "Feature", "geometry": {"type": "Point", "coordinates": [37.56829, 47.13774]}, "properties": {"ua": null, "ua_doc": null, "ru": "проспект Металлургов, 233", "soviet": null, "latin": "prosp. Metallurhov, 233", "renamed": null, "premises": "commercial", "count": 1, "types": "Магазин, ателье", "cadastral": null, "area_ha": null, "district": "Ильичевский"}}, {"type": "Feature", "geometry": {"type": "Point", "coordinates": [37.54823, 47.10476]}, "properties": {"ua": null, "ua_doc": null, "ru": "проспект Металлургов, 88", "soviet": null, "latin": "prosp. Metallurhov, 88", "renamed": null, "premises": "commercial", "count": 1, "types": "юридические услуги", "cadastral": null, "area_ha": null, "district": "Ильичевский"}}, {"type": "Feature", "geometry": {"type": "Point", "coordinates": [37.56557, 47.11876]}, "properties": {"ua": null, "ua_doc": null, "ru": "улица Гонды, 2", "soviet": null, "latin": "vul. Hondy, 2", "renamed": null, "premises": "commercial", "count": 1, "types": "Магазин, ателье", "cadastral": null, "area_ha": null, "district": "Ильичевский"}}, {"type": "Feature", "geometry": {"type": "Point", "coordinates": [37.56064, 47.13458]}, "properties": {"ua": null, "ua_doc": null, "ru": "улица Карпинского, 52", "soviet": null, "latin": "vul. Karpyns'koho, 52", "renamed": null, "premises": "commercial", "count": 1, "types": "торговая деятельность", "cadastral": null, "area_ha": null, "district": "Ильичевский"}}, {"type": "Feature", "geometry": {"type": "Point", "coordinates": [37.55954, 47.13021]}, "properties": {"ua": null, "ua_doc": null, "ru": "улица Карпинского, 70", "soviet": null, "latin": "vul. Karpyns'koho, 70", "renamed": null, "premises": "commercial", "count": 1, "types": "Магазин, фастфуд", "cadastral": null, "area_ha": null, "district": "Ильичевский"}}, {"type": "Feature", "geometry": {"type": "Point", "coordinates": [37.61361, 47.15978]}, "properties": {"ua": null, "ua_doc": null, "ru": "улица Курчатова, 35", "soviet": null, "latin": "vul. Kurchatova, 35", "renamed": null, "premises": "commercial", "count": 1, "types": "торговая деятельность", "cadastral": null, "area_ha": null, "district": "Ильичевский"}}, {"type": "Feature", "geometry": {"type": "Point", "coordinates": [37.61287, 47.16063]}, "properties": {"ua": null, "ua_doc": null, "ru": "улица Курчатова, 37", "soviet": null, "latin": "vul. Kurchatova, 37", "renamed": null, "premises": "commercial", "count": 1, "types": "торговая деятельность", "cadastral": null, "area_ha": null, "district": "Ильичевский"}}, {"type": "Feature", "geometry": {"type": "Point", "coordinates": [37.60591, 47.15013]}, "properties": {"ua": null, "ua_doc": null, "ru": "ул. Мамина Сибиряка, 47", "soviet": null, "latin": "vul. Mamyna Sybyriaka, 47", "renamed": null, "premises": "commercial", "count": 2, "types": "торговая деятельность; Магазин", "cadastral": null, "area_ha": null, "district": "Ильичевский"}}, {"type": "Feature", "geometry": {"type": "Point", "coordinates": [37.55777, 47.12595]}, "properties": {"ua": null, "ua_doc": null, "ru": "улица Покрышкина, 13", "soviet": null, "latin": "vul. Pokryshkyna, 13", "renamed": null, "premises": "commercial", "count": 1, "types": "торговая деятельность", "cadastral": null, "area_ha": null, "district": "Ильичевский"}}, {"type": "Feature", "geometry": {"type": "Point", "coordinates": [37.56541, 47.12557]}, "properties": {"ua": null, "ua_doc": null, "ru": "улица Покрышкина, 20", "soviet": null, "latin": "vul. Pokryshkyna, 20", "renamed": null, "premises": "commercial", "count": 1, "types": "общественное питание", "cadastral": null, "area_ha": null, "district": "Ильичевский"}}, {"type": "Feature", "geometry": {"type": "Point", "coordinates": [37.53747, 47.09676]}, "properties": {"ua": null, "ua_doc": null, "ru": "переулок Нахимова, 5", "soviet": null, "latin": "per. Nakhymova, 5", "renamed": null, "premises": "commercial", "count": 1, "types": "аптека", "cadastral": null, "area_ha": null, "district": "Приморский"}}, {"type": "Feature", "geometry": {"type": "Point", "coordinates": [37.53657, 47.09449]}, "properties": {"ua": null, "ua_doc": null, "ru": "проспект Нахимова, 99", "soviet": null, "latin": "prosp. Nakhymova, 99", "renamed": null, "premises": "commercial", "count": 2, "types": "торговая деятельность; магазин \"Шторы\"", "cadastral": null, "area_ha": null, "district": "Приморский"}}, {"type": "Feature", "geometry": {"type": "Point", "coordinates": [37.51359, 47.06987]}, "properties": {"ua": null, "ua_doc": null, "ru": "проспект Лунина, 11а", "soviet": null, "latin": "prosp. Lunyna, 11a", "renamed": null, "premises": "commercial", "count": 1, "types": "магазин", "cadastral": null, "area_ha": null, "district": "Приморский"}}, {"type": "Feature", "geometry": {"type": "Point", "coordinates": [37.50797, 47.06563]}, "properties": {"ua": null, "ua_doc": null, "ru": "проспект Лунина, 31", "soviet": null, "latin": "prosp. Lunyna, 31", "renamed": null, "premises": "commercial", "count": 3, "types": "торговая деятельность; продовольственный магазин; офисное помещение", "cadastral": null, "area_ha": null, "district": "Приморский"}}, {"type": "Feature", "geometry": {"type": "Point", "coordinates": [37.51639, 47.07935]}, "properties": {"ua": null, "ua_doc": null, "ru": "проспект Нахимова, 104", "soviet": null, "latin": "prosp. Nakhymova, 104", "renamed": null, "premises": "commercial", "count": 1, "types": "торговая деятельность", "cadastral": null, "area_ha": null, "district": "Приморский"}}, {"type": "Feature", "geometry": {"type": "Point", "coordinates": [37.53882, 47.09527]}, "properties": {"ua": null, "ua_doc": null, "ru": "проспект Нахимова, 105", "soviet": null, "latin": "prosp. Nakhymova, 105", "renamed": null, "premises": "commercial", "count": 3, "types": "магазин; магазин \"Сорока\"; фотопечать", "cadastral": null, "area_ha": null, "district": "Приморский"}}, {"type": "Feature", "geometry": {"type": "Point", "coordinates": [37.52087, 47.08338]}, "properties": {"ua": null, "ua_doc": null, "ru": "проспект Нахимова, 124", "soviet": null, "latin": "prosp. Nakhymova, 124", "renamed": null, "premises": "commercial", "count": 4, "types": "торговая деятельность; Лайм; салон красоты; магазин одежды б/у", "cadastral": null, "area_ha": null, "district": "Приморский"}}, {"type": "Feature", "geometry": {"type": "Point", "coordinates": [37.52317, 47.08519]}, "properties": {"ua": null, "ua_doc": null, "ru": "проспект Нахимова, 138", "soviet": null, "latin": "prosp. Nakhymova, 138", "renamed": null, "premises": "commercial", "count": 1, "types": "салон красоты", "cadastral": null, "area_ha": null, "district": "Приморский"}}, {"type": "Feature", "geometry": {"type": "Point", "coordinates": [37.52518, 47.08696]}, "properties": {"ua": null, "ua_doc": null, "ru": "проспект Нахимова, 158", "soviet": null, "latin": "prosp. Nakhymova, 158", "renamed": null, "premises": "commercial", "count": 2, "types": "парикмахерская; салон ритуальных услуг", "cadastral": null, "area_ha": null, "district": "Приморский"}}, {"type": "Feature", "geometry": {"type": "Point", "coordinates": [37.52524, 47.08733]}, "properties": {"ua": null, "ua_doc": null, "ru": "проспект Нахимова, 160", "soviet": null, "latin": "prosp. Nakhymova, 160", "renamed": null, "premises": "commercial", "count": 1, "types": "Услуги населению", "cadastral": null, "area_ha": null, "district": "Приморский"}}, {"type": "Feature", "geometry": {"type": "Point", "coordinates": [37.52503, 47.0878]}, "properties": {"ua": null, "ua_doc": null, "ru": "проспект Нахимова, 162", "soviet": null, "latin": "prosp. Nakhymova, 162", "renamed": null, "premises": "commercial", "count": 5, "types": "продуктовый магазин; магазин акцизных товаров; магазин одежды б/у; торговая деятельность", "cadastral": null, "area_ha": null, "district": "Приморский"}}, {"type": "Feature", "geometry": {"type": "Point", "coordinates": [37.52588, 47.08855]}, "properties": {"ua": null, "ua_doc": null, "ru": "проспект Нахимова, 168", "soviet": null, "latin": "prosp. Nakhymova, 168", "renamed": null, "premises": "commercial", "count": 1, "types": "Услуги населению", "cadastral": null, "area_ha": null, "district": "Приморский"}}, {"type": "Feature", "geometry": {"type": "Point", "coordinates": [37.5272, 47.08939]}, "properties": {"ua": null, "ua_doc": null, "ru": "проспект Нахимова, 170", "soviet": null, "latin": "prosp. Nakhymova, 170", "renamed": null, "premises": "commercial", "count": 1, "types": "салон красоты", "cadastral": null, "area_ha": null, "district": "Приморский"}}, {"type": "Feature", "geometry": {"type": "Point", "coordinates": [37.51035, 47.07377]}, "properties": {"ua": null, "ua_doc": null, "ru": "проспект Нахимова, 31", "soviet": null, "latin": "prosp. Nakhymova, 31", "renamed": null, "premises": "commercial", "count": 1, "types": "СТО", "cadastral": null, "area_ha": null, "district": "Приморский"}}, {"type": "Feature", "geometry": {"type": "Point", "coordinates": [37.51068, 47.07374]}, "properties": {"ua": null, "ua_doc": null, "ru": "проспект Нахимова, 33", "soviet": null, "latin": "prosp. Nakhymova, 33", "renamed": null, "premises": "commercial", "count": 2, "types": "Общественное питание; юридические услуги", "cadastral": null, "area_ha": null, "district": "Приморский"}}, {"type": "Feature", "geometry": {"type": "Point", "coordinates": [37.51267, 47.07441]}, "properties": {"ua": null, "ua_doc": null, "ru": "пр-т. Нахимова, 35", "soviet": null, "latin": "pr-t. Nakhymova, 35", "renamed": null, "premises": "commercial", "count": 1, "types": "павиьон", "cadastral": null, "area_ha": null, "district": "Приморский"}}, {"type": "Feature", "geometry": {"type": "Point", "coordinates": [37.50757, 47.07299]}, "properties": {"ua": null, "ua_doc": null, "ru": "проспект Нахимова, 58", "soviet": null, "latin": "prosp. Nakhymova, 58", "renamed": null, "premises": "commercial", "count": 1, "types": "торговая деятельность", "cadastral": null, "area_ha": null, "district": "Приморский"}}, {"type": "Feature", "geometry": {"type": "Point", "coordinates": [37.51004, 47.07456]}, "properties": {"ua": null, "ua_doc": null, "ru": "проспект Нахимова, 68", "soviet": null, "latin": "prosp. Nakhymova, 68", "renamed": null, "premises": "commercial", "count": 1, "types": "торговая деятельность", "cadastral": null, "area_ha": null, "district": "Приморский"}}, {"type": "Feature", "geometry": {"type": "Point", "coordinates": [37.51113, 47.07508]}, "properties": {"ua": null, "ua_doc": null, "ru": "проспект Нахимова, 72", "soviet": null, "latin": "prosp. Nakhymova, 72", "renamed": null, "premises": "commercial", "count": 1, "types": "торговая деятельность", "cadastral": null, "area_ha": null, "district": "Приморский"}}, {"type": "Feature", "geometry": {"type": "Point", "coordinates": [37.5125, 47.08131]}, "properties": {"ua": null, "ua_doc": null, "ru": "проспект Строителей, 19/16", "soviet": null, "latin": "prosp. Budivel'nykiv, 19/16", "renamed": null, "premises": "commercial", "count": 1, "types": "продуктовый магазин", "cadastral": null, "area_ha": null, "district": "Приморский"}}, {"type": "Feature", "geometry": {"type": "Point", "coordinates": [37.51641, 47.08552]}, "properties": {"ua": null, "ua_doc": null, "ru": "проспект Строителей, 32", "soviet": null, "latin": "prosp. Budivel'nykiv, 32", "renamed": null, "premises": "commercial", "count": 1, "types": "торговая деятельность", "cadastral": null, "area_ha": null, "district": "Приморский"}}, {"type": "Feature", "geometry": {"type": "Point", "coordinates": [37.51758, 47.08516]}, "properties": {"ua": null, "ua_doc": null, "ru": "проспект Строителей, 41", "soviet": null, "latin": "prosp. Budivel'nykiv, 41", "renamed": null, "premises": "commercial", "count": 2, "types": "торговая деятельность; продуктовый магазин", "cadastral": null, "area_ha": null, "district": "Приморский"}}, {"type": "Feature", "geometry": {"type": "Point", "coordinates": [37.6622, 47.09256]}, "properties": {"ua": null, "ua_doc": null, "ru": "улица Гагарина, 1", "soviet": null, "latin": "vul. Haharyna, 1", "renamed": null, "premises": "commercial", "count": 4, "types": "общественное питание; магазин детских товаров; кафе-бар; магазин", "cadastral": null, "area_ha": null, "district": "Приморский"}}, {"type": "Feature", "geometry": {"type": "Point", "coordinates": [37.4941, 47.05705]}, "properties": {"ua": null, "ua_doc": null, "ru": "ул. Гагарина, 114/116", "soviet": null, "latin": "vul. Haharyna, 114/116", "renamed": null, "premises": "commercial", "count": 1, "types": "продуктовый магазин", "cadastral": null, "area_ha": null, "district": "Приморский"}}, {"type": "Feature", "geometry": {"type": "Point", "coordinates": [37.66225, 47.09281]}, "properties": {"ua": null, "ua_doc": null, "ru": "улица Гагарина, 2", "soviet": null, "latin": "vul. Haharyna, 2", "renamed": null, "premises": "commercial", "count": 3, "types": "Ремонт часов; зоомагазин; кафе", "cadastral": null, "area_ha": null, "district": "Приморский"}}, {"type": "Feature", "geometry": {"type": "Point", "coordinates": [37.66271, 47.09254]}, "properties": {"ua": null, "ua_doc": null, "ru": "улица Гагарина, 3", "soviet": null, "latin": "vul. Haharyna, 3", "renamed": null, "premises": "commercial", "count": 1, "types": "магазин", "cadastral": null, "area_ha": null, "district": "Приморский"}}, {"type": "Feature", "geometry": {"type": "Point", "coordinates": [37.51442, 47.08698]}, "properties": {"ua": null, "ua_doc": null, "ru": "улица Зелинского, 3", "soviet": null, "latin": "vul. Zelyns'koho, 3", "renamed": null, "premises": "commercial", "count": 1, "types": "торговая деятельность", "cadastral": null, "area_ha": null, "district": "Приморский"}}, {"type": "Feature", "geometry": {"type": "Point", "coordinates": [37.51599, 47.07982]}, "properties": {"ua": null, "ua_doc": null, "ru": "улица Кронштадтская, 4", "soviet": null, "latin": "vul. Kronshtadts'ka, 4", "renamed": null, "premises": "commercial", "count": 4, "types": "пивной бар; магазин бытовой химии, хозтоваров; мебельный отдел; магазин косметики и бытовой химиии", "cadastral": null, "area_ha": null, "district": "Приморский"}}, {"type": "Feature", "geometry": {"type": "Point", "coordinates": [37.51937, 47.08731]}, "properties": {"ua": null, "ua_doc": null, "ru": "улица Лавицкого, 16", "soviet": null, "latin": "vul. Lavyts'koho, 16", "renamed": null, "premises": "commercial", "count": 1, "types": "ателье", "cadastral": null, "area_ha": null, "district": "Приморский"}}, {"type": "Feature", "geometry": {"type": "Point", "coordinates": [37.5231, 47.0861]}, "properties": {"ua": null, "ua_doc": null, "ru": "улица Лавицкого, 3", "soviet": null, "latin": "vul. Lavyts'koho, 3", "renamed": null, "premises": "commercial", "count": 1, "types": "магазин", "cadastral": null, "area_ha": null, "district": "Приморский"}}, {"type": "Feature", "geometry": {"type": "Point", "coordinates": [37.48469, 47.06623]}, "properties": {"ua": null, "ua_doc": null, "ru": "улица Латышева, 33", "soviet": null, "latin": "vul. Latysheva, 33", "renamed": null, "premises": "commercial", "count": 1, "types": "табачный киоск", "cadastral": null, "area_ha": null, "district": "Приморский"}}, {"type": "Feature", "geometry": {"type": "Point", "coordinates": [37.48553, 47.06572]}, "properties": {"ua": null, "ua_doc": null, "ru": "улица Латышева, 31", "soviet": null, "latin": "vul. Latysheva, 31", "renamed": null, "premises": "commercial", "count": 1, "types": "торговая деятельность", "cadastral": null, "area_ha": null, "district": "Приморский"}}, {"type": "Feature", "geometry": {"type": "Point", "coordinates": [37.50917, 47.07483]}, "properties": {"ua": null, "ua_doc": null, "ru": "улица Морских десантников, 13", "soviet": null, "latin": "vul. Morskykh desantnykov, 13", "renamed": null, "premises": "commercial", "count": 2, "types": "продуктовый магазин; магазин", "cadastral": null, "area_ha": null, "district": "Приморский"}}, {"type": "Feature", "geometry": {"type": "Point", "coordinates": [37.48706, 47.06752]}, "properties": {"ua": null, "ua_doc": null, "ru": "улица Новороссийская, 10", "soviet": null, "latin": "vul. Novorossyis'ka, 10", "renamed": null, "premises": "commercial", "count": 2, "types": "ремонт одежды; парикмахерская", "cadastral": null, "area_ha": null, "district": "Приморский"}}, {"type": "Feature", "geometry": {"type": "Point", "coordinates": [37.51217, 47.07889]}, "properties": {"ua": null, "ua_doc": null, "ru": "улица Черноморская, 14/9", "soviet": null, "latin": "vul. Chernomors'ka, 14/9", "renamed": null, "premises": "commercial", "count": 5, "types": "магазин; магазин second hand; продуктовый магазин; кафе", "cadastral": null, "area_ha": null, "district": "Приморский"}}, {"type": "Feature", "geometry": {"type": "Point", "coordinates": [37.51302, 47.07993]}, "properties": {"ua": null, "ua_doc": null, "ru": "улица Черноморская, 18", "soviet": null, "latin": "vul. Chernomors'ka, 18", "renamed": null, "premises": "commercial", "count": 1, "types": "магазин одежды б/у", "cadastral": null, "area_ha": null, "district": "Приморский"}}, {"type": "Feature", "geometry": {"type": "Point", "coordinates": [37.51067, 47.07695]}, "properties": {"ua": null, "ua_doc": null, "ru": "улица Черноморская, 19", "soviet": null, "latin": "vul. Chernomors'ka, 19", "renamed": null, "premises": "commercial", "count": 3, "types": "торговая деятельность; продуктовый магазин; магазин канцтоваров", "cadastral": null, "area_ha": null, "district": "Приморский"}}, {"type": "Feature", "geometry": {"type": "Point", "coordinates": [37.51345, 47.08029]}, "properties": {"ua": null, "ua_doc": null, "ru": "улица Черноморская, 20", "soviet": null, "latin": "vul. Chernomors'ka, 20", "renamed": null, "premises": "commercial", "count": 1, "types": "магазин одежды б/у", "cadastral": null, "area_ha": null, "district": "Приморский"}}, {"type": "Feature", "geometry": {"type": "Point", "coordinates": [37.51412, 47.08056]}, "properties": {"ua": null, "ua_doc": null, "ru": "улица Черноморская, 22/10", "soviet": null, "latin": "vul. Chernomors'ka, 22/10", "renamed": null, "premises": "commercial", "count": 1, "types": "офис, магазин", "cadastral": null, "area_ha": null, "district": "Приморский"}}, {"type": "Feature", "geometry": {"type": "Point", "coordinates": [37.51275, 47.07866]}, "properties": {"ua": null, "ua_doc": null, "ru": "улица Черноморская, 25", "soviet": null, "latin": "vul. Chernomors'ka, 25", "renamed": null, "premises": "commercial", "count": 1, "types": "парикмахерская", "cadastral": null, "area_ha": null, "district": "Приморский"}}, {"type": "Feature", "geometry": {"type": "Point", "coordinates": [37.51401, 47.07926]}, "properties": {"ua": null, "ua_doc": null, "ru": "улица Черноморская, 31", "soviet": null, "latin": "vul. Chernomors'ka, 31", "renamed": null, "premises": "commercial", "count": 3, "types": "офис; магазин канцтоваров; ателье", "cadastral": null, "area_ha": null, "district": "Приморский"}}, {"type": "Feature", "geometry": {"type": "Point", "coordinates": [37.50773, 47.07442]}, "properties": {"ua": null, "ua_doc": null, "ru": "улица Черноморская, 9", "soviet": null, "latin": "vul. Chernomors'ka, 9", "renamed": null, "premises": "commercial", "count": 1, "types": "торговая деятельность", "cadastral": null, "area_ha": null, "district": "Приморский"}}, {"type": "Feature", "geometry": {"type": "Point", "coordinates": [37.63731, 47.10433]}, "properties": {"ua": "бул. Меотиды, 13/19", "ua_doc": null, "ru": "б-р 50 лет Октября, 13/19", "soviet": "б-р 50 лет Октября", "latin": "bul. Meotydy, 13/19", "renamed": "Occupation reverted this street to its pre-2016 Soviet-era name: “б-р 50 лет Октября”.", "premises": "commercial", "count": 1, "types": "торговая деятельность", "cadastral": null, "area_ha": null, "district": "Орджоникидзевский"}}, {"type": "Feature", "geometry": {"type": "Point", "coordinates": [37.63582, 47.10414]}, "properties": {"ua": "бул. Меотиды, 30", "ua_doc": null, "ru": "бульвар 50 лет Октября, 30", "soviet": "б-р 50 лет Октября", "latin": "bul. Meotydy, 30", "renamed": "Occupation reverted this street to its pre-2016 Soviet-era name: “б-р 50 лет Октября”.", "premises": "commercial", "count": 1, "types": "торговая деятельность", "cadastral": null, "area_ha": null, "district": "Орджоникидзевский"}}, {"type": "Feature", "geometry": {"type": "Point", "coordinates": [37.66847, 47.10221]}, "properties": {"ua": "просп. Свободи, 39", "ua_doc": null, "ru": "проспект Ленинградский, 39", "soviet": "просп. Ленінградський", "latin": "prosp. Svobody, 39", "renamed": "Occupation reverted this street to its pre-2016 Soviet-era name: “просп. Ленінградський”.", "premises": "commercial", "count": 1, "types": "торговая деятельность", "cadastral": null, "area_ha": null, "district": "Орджоникидзевский"}}, {"type": "Feature", "geometry": {"type": "Point", "coordinates": [37.66855, 47.10301]}, "properties": {"ua": "просп. Свободи, 41", "ua_doc": null, "ru": "проспект Ленинградский, 41", "soviet": "просп. Ленінградський", "latin": "prosp. Svobody, 41", "renamed": "Occupation reverted this street to its pre-2016 Soviet-era name: “просп. Ленінградський”.", "premises": "commercial", "count": 1, "types": "торговая деятельность", "cadastral": null, "area_ha": null, "district": "Орджоникидзевский"}}, {"type": "Feature", "geometry": {"type": "Point", "coordinates": [37.66735, 47.10598]}, "properties": {"ua": "просп. Перемоги, 100", "ua_doc": null, "ru": "проспект Победы, 100", "soviet": null, "latin": "prosp. Peremohy, 100", "renamed": null, "premises": "commercial", "count": 1, "types": "бытовые услуги", "cadastral": null, "area_ha": null, "district": "Орджоникидзевский"}}, {"type": "Feature", "geometry": {"type": "Point", "coordinates": [37.66259, 47.10545]}, "properties": {"ua": "просп. Перемоги, 107/21", "ua_doc": null, "ru": "проспект Победы, 107/21", "soviet": null, "latin": "prosp. Peremohy, 107/21", "renamed": null, "premises": "commercial", "count": 1, "types": "Ремонт и пошив одежды", "cadastral": null, "area_ha": null, "district": "Орджоникидзевский"}}, {"type": "Feature", "geometry": {"type": "Point", "coordinates": [37.61968, 47.10801]}, "properties": {"ua": "просп. Перемоги, 11", "ua_doc": null, "ru": "проспект Победы, 11", "soviet": null, "latin": "prosp. Peremohy, 11", "renamed": null, "premises": "commercial", "count": 1, "types": "общественное питание", "cadastral": null, "area_ha": null, "district": "Орджоникидзевский"}}, {"type": "Feature", "geometry": {"type": "Point", "coordinates": [37.66526, 47.10523]}, "properties": {"ua": "просп. Перемоги, 111", "ua_doc": null, "ru": "проспект Победы, 111", "soviet": null, "latin": "prosp. Peremohy, 111", "renamed": null, "premises": "commercial", "count": 2, "types": "торговая деятельность", "cadastral": null, "area_ha": null, "district": "Орджоникидзевский"}}, {"type": "Feature", "geometry": {"type": "Point", "coordinates": [37.64263, 47.10734]}, "properties": {"ua": "просп. Перемоги, 48", "ua_doc": null, "ru": "проспект Победы, 48", "soviet": null, "latin": "prosp. Peremohy, 48", "renamed": null, "premises": "commercial", "count": 1, "types": "Магазин \"Зоотовары\"", "cadastral": null, "area_ha": null, "district": "Орджоникидзевский"}}, {"type": "Feature", "geometry": {"type": "Point", "coordinates": [37.64506, 47.10719]}, "properties": {"ua": "просп. Перемоги, 54", "ua_doc": null, "ru": "проспект Победы, 54", "soviet": null, "latin": "prosp. Peremohy, 54", "renamed": null, "premises": "commercial", "count": 2, "types": "торговая деятельность; Магазин спортивной одежды", "cadastral": null, "area_ha": null, "district": "Орджоникидзевский"}}, {"type": "Feature", "geometry": {"type": "Point", "coordinates": [37.64372, 47.10662]}, "properties": {"ua": "просп. Перемоги, 65", "ua_doc": null, "ru": "проспект Победы, 65", "soviet": null, "latin": "prosp. Peremohy, 65", "renamed": null, "premises": "commercial", "count": 4, "types": "торговая деятельность; помещение", "cadastral": null, "area_ha": null, "district": "Орджоникидзевский"}}, {"type": "Feature", "geometry": {"type": "Point", "coordinates": [37.6446, 47.10657]}, "properties": {"ua": "просп. Перемоги, 67", "ua_doc": null, "ru": "проспект Победы, 67", "soviet": null, "latin": "prosp. Peremohy, 67", "renamed": null, "premises": "commercial", "count": 1, "types": "магазин Гранд шар", "cadastral": null, "area_ha": null, "district": "Орджоникидзевский"}}, {"type": "Feature", "geometry": {"type": "Point", "coordinates": [37.65572, 47.10647]}, "properties": {"ua": "просп. Перемоги, 70", "ua_doc": null, "ru": "проспект Победы, 70", "soviet": null, "latin": "prosp. Peremohy, 70", "renamed": null, "premises": "commercial", "count": 1, "types": "магазин \"Спокуса\"", "cadastral": null, "area_ha": null, "district": "Орджоникидзевский"}}, {"type": "Feature", "geometry": {"type": "Point", "coordinates": [37.65701, 47.1064]}, "properties": {"ua": "просп. Перемоги, 72", "ua_doc": null, "ru": "проспект Победы, 72", "soviet": null, "latin": "prosp. Peremohy, 72", "renamed": null, "premises": "commercial", "count": 1, "types": "торговая деятельность", "cadastral": null, "area_ha": null, "district": "Орджоникидзевский"}}, {"type": "Feature", "geometry": {"type": "Point", "coordinates": [37.6454, 47.10652]}, "properties": {"ua": "просп. Перемоги, 73", "ua_doc": null, "ru": "проспект Победы, 73", "soviet": null, "latin": "prosp. Peremohy, 73", "renamed": null, "premises": "commercial", "count": 1, "types": "магазин", "cadastral": null, "area_ha": null, "district": "Орджоникидзевский"}}, {"type": "Feature", "geometry": {"type": "Point", "coordinates": [37.65828, 47.10632]}, "properties": {"ua": "просп. Перемоги, 74", "ua_doc": null, "ru": "проспект Победы, 74", "soviet": null, "latin": "prosp. Peremohy, 74", "renamed": null, "premises": "commercial", "count": 1, "types": "кафе Кофе", "cadastral": null, "area_ha": null, "district": "Орджоникидзевский"}}, {"type": "Feature", "geometry": {"type": "Point", "coordinates": [37.65936, 47.10625]}, "properties": {"ua": "просп. Перемоги, 76", "ua_doc": null, "ru": "проспект Победы, 76", "soviet": null, "latin": "prosp. Peremohy, 76", "renamed": null, "premises": "commercial", "count": 2, "types": "торговая деятельность; магазин Мечта", "cadastral": null, "area_ha": null, "district": "Орджоникидзевский"}}, {"type": "Feature", "geometry": {"type": "Point", "coordinates": [37.65182, 47.106]}, "properties": {"ua": "просп. Перемоги, 79", "ua_doc": null, "ru": "проспект Победы, 79", "soviet": null, "latin": "prosp. Peremohy, 79", "renamed": null, "premises": "commercial", "count": 1, "types": "парикмахерская Студия красоты", "cadastral": null, "area_ha": null, "district": "Орджоникидзевский"}}, {"type": "Feature", "geometry": {"type": "Point", "coordinates": [37.65283, 47.10614]}, "properties": {"ua": "просп. Перемоги, 83", "ua_doc": null, "ru": "проспект Победы, 83", "soviet": null, "latin": "prosp. Peremohy, 83", "renamed": null, "premises": "commercial", "count": 1, "types": "магазин Мир натяжных потолков", "cadastral": null, "area_ha": null, "district": "Орджоникидзевский"}}, {"type": "Feature", "geometry": {"type": "Point", "coordinates": [37.66293, 47.10624]}, "properties": {"ua": "просп. Перемоги, 84", "ua_doc": null, "ru": "проспект Победы, 84", "soviet": null, "latin": "prosp. Peremohy, 84", "renamed": null, "premises": "commercial", "count": 2, "types": "магазин Мебельная фурнитура; магазин", "cadastral": null, "area_ha": null, "district": "Орджоникидзевский"}}, {"type": "Feature", "geometry": {"type": "Point", "coordinates": [37.65354, 47.10609]}, "properties": {"ua": "просп. Перемоги, 85", "ua_doc": null, "ru": "проспект Победы, 85", "soviet": null, "latin": "prosp. Peremohy, 85", "renamed": null, "premises": "commercial", "count": 1, "types": "помещение", "cadastral": null, "area_ha": null, "district": "Орджоникидзевский"}}, {"type": "Feature", "geometry": {"type": "Point", "coordinates": [37.66348, 47.1062]}, "properties": {"ua": "просп. Перемоги, 86", "ua_doc": null, "ru": "проспект Победы, 86", "soviet": null, "latin": "prosp. Peremohy, 86", "renamed": null, "premises": "commercial", "count": 1, "types": "магазин \"Гараж\" автомагазин", "cadastral": null, "area_ha": null, "district": "Орджоникидзевский"}}, {"type": "Feature", "geometry": {"type": "Point", "coordinates": [37.65336, 47.10578]}, "properties": {"ua": "просп. Перемоги, 87", "ua_doc": null, "ru": "проспект Победы, 87", "soviet": null, "latin": "prosp. Peremohy, 87", "renamed": null, "premises": "commercial", "count": 1, "types": "помещение", "cadastral": null, "area_ha": null, "district": "Орджоникидзевский"}}, {"type": "Feature", "geometry": {"type": "Point", "coordinates": [37.66404, 47.10618]}, "properties": {"ua": "просп. Перемоги, 90", "ua_doc": null, "ru": "проспект Победы, 90", "soviet": null, "latin": "prosp. Peremohy, 90", "renamed": null, "premises": "commercial", "count": 1, "types": "магазин \"Деловой дом\" (стройматериалы)", "cadastral": null, "area_ha": null, "district": "Орджоникидзевский"}}, {"type": "Feature", "geometry": {"type": "Point", "coordinates": [37.66681, 47.10601]}, "properties": {"ua": "просп. Перемоги, 98", "ua_doc": null, "ru": "проспект Победы, 98", "soviet": null, "latin": "prosp. Peremohy, 98", "renamed": null, "premises": "commercial", "count": 8, "types": "магазин; Сауна; Ателье \"Элина\"; Кафе \"Дядя Гиви\"; Магазин \"Red cat\"; Магазин \"Ева\"; Магазин \"Клевое место\"; Магазин \"Червоний маркет\"", "cadastral": null, "area_ha": null, "district": "Орджоникидзевский"}}, {"type": "Feature", "geometry": {"type": "Point", "coordinates": [37.65707, 47.10577]}, "properties": {"ua": "просп. Перемоги, 99", "ua_doc": null, "ru": "проспект Победы, 99", "soviet": null, "latin": "prosp. Peremohy, 99", "renamed": null, "premises": "commercial", "count": 2, "types": "торговля непродовольственными товарами; магазин Овощной", "cadastral": null, "area_ha": null, "district": "Орджоникидзевский"}}, {"type": "Feature", "geometry": {"type": "Point", "coordinates": [37.66789, 47.10598]}, "properties": {"ua": null, "ua_doc": null, "ru": "улица 130 Таганрогской дивизии, 100", "soviet": null, "latin": "vul. 130 Tahanrohs'koi dyvyzyy, 100", "renamed": null, "premises": "commercial", "count": 2, "types": "торговая деятельность; Помещение", "cadastral": null, "area_ha": null, "district": "Орджоникидзевский"}}, {"type": "Feature", "geometry": {"type": "Point", "coordinates": [37.66801, 47.10688]}, "properties": {"ua": null, "ua_doc": null, "ru": "улица 130 Таганрогской дивизии, 104", "soviet": null, "latin": "vul. 130 Tahanrohs'koi dyvyzyy, 104", "renamed": null, "premises": "commercial", "count": 1, "types": "кафе", "cadastral": null, "area_ha": null, "district": "Орджоникидзевский"}}, {"type": "Feature", "geometry": {"type": "Point", "coordinates": [37.66896, 47.10729]}, "properties": {"ua": null, "ua_doc": null, "ru": "улица 130 Таганрогской дивизии, 5", "soviet": null, "latin": "vul. 130 Tahanrohs'koi dyvyzyy, 5", "renamed": null, "premises": "commercial", "count": 1, "types": "Автомагазин", "cadastral": null, "area_ha": null, "district": "Орджоникидзевский"}}, {"type": "Feature", "geometry": {"type": "Point", "coordinates": [37.66913, 47.10854]}, "properties": {"ua": null, "ua_doc": null, "ru": "улица 130 Таганрогской дивизии, 7", "soviet": null, "latin": "vul. 130 Tahanrohs'koi dyvyzyy, 7", "renamed": null, "premises": "commercial", "count": 1, "types": "торговая деятельность", "cadastral": null, "area_ha": null, "district": "Орджоникидзевский"}}, {"type": "Feature", "geometry": {"type": "Point", "coordinates": [37.65682, 47.10053]}, "properties": {"ua": null, "ua_doc": null, "ru": "улица Азовстальская, 101", "soviet": null, "latin": "vul. Azovstal's'ka, 101", "renamed": null, "premises": "commercial", "count": 2, "types": "магазин Лайм; Павильон", "cadastral": null, "area_ha": null, "district": "Орджоникидзевский"}}, {"type": "Feature", "geometry": {"type": "Point", "coordinates": [37.63771, 47.10239]}, "properties": {"ua": null, "ua_doc": null, "ru": "улица Азовстальская, 30", "soviet": null, "latin": "vul. Azovstal's'ka, 30", "renamed": null, "premises": "commercial", "count": 2, "types": "торговая деятельность; магазин", "cadastral": null, "area_ha": null, "district": "Орджоникидзевский"}}, {"type": "Feature", "geometry": {"type": "Point", "coordinates": [37.64509, 47.10103]}, "properties": {"ua": null, "ua_doc": null, "ru": "улица Азовстальская, 57", "soviet": null, "latin": "vul. Azovstal's'ka, 57", "renamed": null, "premises": "commercial", "count": 5, "types": "магазин; парикмахерская; парикмахерская Тамара", "cadastral": null, "area_ha": null, "district": "Орджоникидзевский"}}, {"type": "Feature", "geometry": {"type": "Point", "coordinates": [37.65324, 47.10074]}, "properties": {"ua": null, "ua_doc": null, "ru": "улица Азовстальская, 91", "soviet": null, "latin": "vul. Azovstal's'ka, 91", "renamed": null, "premises": "commercial", "count": 1, "types": "магазин", "cadastral": null, "area_ha": null, "district": "Орджоникидзевский"}}, {"type": "Feature", "geometry": {"type": "Point", "coordinates": [37.6542, 47.10069]}, "properties": {"ua": null, "ua_doc": null, "ru": "улица Азовстальская, 95", "soviet": null, "latin": "vul. Azovstal's'ka, 95", "renamed": null, "premises": "commercial", "count": 2, "types": "Магазин \"Триумф\"; магазин Триумф", "cadastral": null, "area_ha": null, "district": "Орджоникидзевский"}}, {"type": "Feature", "geometry": {"type": "Point", "coordinates": [37.64001, 47.10297]}, "properties": {"ua": null, "ua_doc": null, "ru": "улица Владимирская, 10", "soviet": null, "latin": "vul. Volodymyrs'ka, 10", "renamed": null, "premises": "commercial", "count": 1, "types": "магазин", "cadastral": null, "area_ha": null, "district": "Орджоникидзевский"}}, {"type": "Feature", "geometry": {"type": "Point", "coordinates": [37.64085, 47.10608]}, "properties": {"ua": null, "ua_doc": null, "ru": "улица Владимирская, 23", "soviet": null, "latin": "vul. Volodymyrs'ka, 23", "renamed": null, "premises": "commercial", "count": 1, "types": "магазин", "cadastral": null, "area_ha": null, "district": "Орджоникидзевский"}}, {"type": "Feature", "geometry": {"type": "Point", "coordinates": [37.64008, 47.10614]}, "properties": {"ua": null, "ua_doc": null, "ru": "улица Владимирская, 28", "soviet": null, "latin": "vul. Volodymyrs'ka, 28", "renamed": null, "premises": "commercial", "count": 1, "types": "магазин Лига", "cadastral": null, "area_ha": null, "district": "Орджоникидзевский"}}, {"type": "Feature", "geometry": {"type": "Point", "coordinates": [37.6536, 47.09899]}, "properties": {"ua": "вул. Воїнів-визволителів, 88", "ua_doc": null, "ru": "улица Воинов-Освободителей, 88", "soviet": null, "latin": "vul. Voiniv-vyzvolyteliv, 88", "renamed": null, "premises": "commercial", "count": 1, "types": "торговая деятельность", "cadastral": null, "area_ha": null, "district": "Орджоникидзевский"}}, {"type": "Feature", "geometry": {"type": "Point", "coordinates": [37.68668, 47.11855]}, "properties": {"ua": null, "ua_doc": null, "ru": "улица Киевская, 13", "soviet": null, "latin": "vul. Kyevs'ka, 13", "renamed": null, "premises": "commercial", "count": 1, "types": "общественное питание", "cadastral": null, "area_ha": null, "district": "Орджоникидзевский"}}, {"type": "Feature", "geometry": {"type": "Point", "coordinates": [37.68459, 47.11735]}, "properties": {"ua": null, "ua_doc": null, "ru": "улица Киевская, 46", "soviet": null, "latin": "vul. Kyevs'ka, 46", "renamed": null, "premises": "commercial", "count": 1, "types": "торговая деятельность", "cadastral": null, "area_ha": null, "district": "Орджоникидзевский"}}, {"type": "Feature", "geometry": {"type": "Point", "coordinates": [37.68581, 47.11674]}, "properties": {"ua": null, "ua_doc": null, "ru": "улица Киевская, 5", "soviet": null, "latin": "vul. Kyevs'ka, 5", "renamed": null, "premises": "commercial", "count": 1, "types": "парикмахерская Парикмахерская", "cadastral": null, "area_ha": null, "district": "Орджоникидзевский"}}, {"type": "Feature", "geometry": {"type": "Point", "coordinates": [37.68778, 47.12509]}, "properties": {"ua": null, "ua_doc": null, "ru": "ул. Киевская, 51", "soviet": null, "latin": "vul. Kyevs'ka, 51", "renamed": null, "premises": "commercial", "count": 1, "types": "торговая деятельность", "cadastral": null, "area_ha": null, "district": "Орджоникидзевский"}}, {"type": "Feature", "geometry": {"type": "Point", "coordinates": [37.68416, 47.12081]}, "properties": {"ua": null, "ua_doc": null, "ru": "улица Киевская, 62", "soviet": null, "latin": "vul. Kyevs'ka, 62", "renamed": null, "premises": "commercial", "count": 3, "types": "торговая деятельность; магазин Приятель", "cadastral": null, "area_ha": null, "district": "Орджоникидзевский"}}, {"type": "Feature", "geometry": {"type": "Point", "coordinates": [37.6844, 47.1218]}, "properties": {"ua": null, "ua_doc": null, "ru": "улица Киевская, 68", "soviet": null, "latin": "vul. Kyevs'ka, 68", "renamed": null, "premises": "commercial", "count": 1, "types": "магазин Право на жилье", "cadastral": null, "area_ha": null, "district": "Орджоникидзевский"}}, {"type": "Feature", "geometry": {"type": "Point", "coordinates": [37.68538, 47.11726]}, "properties": {"ua": null, "ua_doc": null, "ru": "улица Киевская, 7", "soviet": null, "latin": "vul. Kyevs'ka, 7", "renamed": null, "premises": "commercial", "count": 1, "types": "магазин \"Клуб пива\"", "cadastral": null, "area_ha": null, "district": "Орджоникидзевский"}}, {"type": "Feature", "geometry": {"type": "Point", "coordinates": [37.68502, 47.12465]}, "properties": {"ua": null, "ua_doc": null, "ru": "улица Киевская, 76", "soviet": null, "latin": "vul. Kyevs'ka, 76", "renamed": null, "premises": "commercial", "count": 2, "types": "пристройка в дом 76; сауна сауна", "cadastral": null, "area_ha": null, "district": "Орджоникидзевский"}}, {"type": "Feature", "geometry": {"type": "Point", "coordinates": [37.68063, 47.12133]}, "properties": {"ua": null, "ua_doc": null, "ru": "улица Олимпийская, 167", "soviet": null, "latin": "vul. Olympyis'ka, 167", "renamed": null, "premises": "commercial", "count": 1, "types": "торговая деятельность", "cadastral": null, "area_ha": null, "district": "Орджоникидзевский"}}, {"type": "Feature", "geometry": {"type": "Point", "coordinates": [37.68156, 47.12586]}, "properties": {"ua": null, "ua_doc": null, "ru": "улица Олимпийская, 197", "soviet": null, "latin": "vul. Olympyis'ka, 197", "renamed": null, "premises": "commercial", "count": 1, "types": "торговая деятельность", "cadastral": null, "area_ha": null, "district": "Орджоникидзевский"}}, {"type": "Feature", "geometry": {"type": "Point", "coordinates": [37.67339, 47.1089]}, "properties": {"ua": null, "ua_doc": null, "ru": "улица Олимпийская, 71", "soviet": null, "latin": "vul. Olympyis'ka, 71", "renamed": null, "premises": "commercial", "count": 1, "types": "торговая деятельность", "cadastral": null, "area_ha": null, "district": "Орджоникидзевский"}}, {"type": "Feature", "geometry": {"type": "Point", "coordinates": [37.67434, 47.10825]}, "properties": {"ua": null, "ua_doc": null, "ru": "улица Олимпийская, 75", "soviet": null, "latin": "vul. Olympyis'ka, 75", "renamed": null, "premises": "commercial", "count": 1, "types": "магазин Вечерний гастроном", "cadastral": null, "area_ha": null, "district": "Орджоникидзевский"}}, {"type": "Feature", "geometry": {"type": "Point", "coordinates": [37.63833, 47.10929]}, "properties": {"ua": null, "ua_doc": null, "ru": "улица Пашковского, 16", "soviet": null, "latin": "vul. Pashkovs'koho, 16", "renamed": null, "premises": "commercial", "count": 1, "types": "кафе", "cadastral": null, "area_ha": null, "district": "Орджоникидзевский"}}, {"type": "Feature", "geometry": {"type": "Point", "coordinates": [37.64047, 47.10917]}, "properties": {"ua": null, "ua_doc": null, "ru": "улица Пашковского, 22/40", "soviet": null, "latin": "vul. Pashkovs'koho, 22/40", "renamed": null, "premises": "commercial", "count": 1, "types": "магазин", "cadastral": null, "area_ha": null, "district": "Орджоникидзевский"}}, {"type": "Feature", "geometry": {"type": "Point", "coordinates": [37.64423, 47.10894]}, "properties": {"ua": null, "ua_doc": null, "ru": "улица Пашковского, 32", "soviet": null, "latin": "vul. Pashkovs'koho, 32", "renamed": null, "premises": "commercial", "count": 1, "types": "магазин", "cadastral": null, "area_ha": null, "district": "Орджоникидзевский"}}]}